 [
  {
  "id": 73,
  "chart_type": "map",
  "search_index": "houses",
  "label": "Width",
  "script": null,
  "field": "width",
  "chart": "Bar",
  "button": "Width",
  "created_at": "2016-04-20 17:55:55 -0400",
  "updated_at": "2016-04-21 09:20:29 -0400",
  "beta": true,
  "premium": false,
  "category": "houses"
  },
  {
  "id": 90,
  "chart_type": "pie",
  "search_index": "houses",
  "label": "Width",
  "script": null,
  "field": "width",
  "chart": "WidthTranches",
  "button": "Width",
  "created_at": "2016-04-20 18:07:25 -0400",
  "updated_at": "2016-04-26 10:33:26 -0400",
  "beta": true,
  "premium": false,
  "category": "houses"
  },
  {
  "id": 74,
  "chart_type": "map",
  "search_index": "listings",
  "label": "Asking Price",
  "script": null,
  "field": "listing_price",
  "chart": "Bar",
  "button": "Asking Price",
  "created_at": "2016-04-22 10:42:05 -0400",
  "updated_at": "2016-05-02 10:40:29 -0400",
  "beta": true,
  "premium": false,
  "category": "houses"
  },
  {
  "id": 75,
  "chart_type": "map",
  "search_index": "historicals",
  "label": "Sale Price",
  "script": null,
  "field": "sale_price",
  "chart": "Bar",
  "button": "Sale Price",
  "created_at": "2016-04-22 12:07:23 -0400",
  "updated_at": "2016-05-02 10:40:29 -0400",
  "beta": true,
  "premium": false,
  "category": "houses"
  },
  {
  "id": 76,
  "chart_type": "figure",
  "search_index": "historicals",
  "label": "Median Square Feet",
  "script": null,
  "field": "above_area_square_ft",
  "chart": "Median",
  "button": "Square Feet",
  "created_at": "2016-04-22 14:59:49 -0400",
  "updated_at": "2016-05-02 10:40:29 -0400",
  "beta": true,
  "premium": false,
  "category": "houses"
  },
  {
  "id": 78,
  "chart_type": "figure",
  "search_index": "listings",
  "label": "Median Square Feet",
  "script": null,
  "field": "above_area_square_ft",
  "chart": "Median",
  "button": "Square Feet",
  "created_at": "2016-04-22 14:58:37 -0400",
  "updated_at": "2016-05-02 10:40:29 -0400",
  "beta": true,
  "premium": false,
  "category": "houses"
  },
  {
  "id": 79,
  "chart_type": "figure",
  "search_index": "historicals",
  "label": "Median Width",
  "script": null,
  "field": "width",
  "chart": "Median",
  "button": "Width",
  "created_at": "2016-04-22 14:59:49 -0400",
  "updated_at": "2016-05-02 10:40:29 -0400",
  "beta": true,
  "premium": false,
  "category": "houses"
  },
  {
  "id": 80,
  "chart_type": "figure",
  "search_index": "listings",
  "label": "Median Width",
  "script": null,
  "field": "width",
  "chart": "Median",
  "button": "Width",
  "created_at": "2016-04-22 14:58:37 -0400",
  "updated_at": "2016-05-02 10:40:29 -0400",
  "beta": true,
  "premium": false,
  "category": "houses"
  },
  {
  "id": 81,
  "chart_type": "figure",
  "search_index": "houses",
  "label": "Median Width",
  "script": null,
  "field": "width",
  "chart": "Median",
  "button": "Width",
  "created_at": "2016-04-20 18:30:44 -0400",
  "updated_at": "2016-05-02 10:40:29 -0400",
  "beta": true,
  "premium": false,
  "category": "houses"
  },
  {
  "id": 82,
  "chart_type": "figure",
  "search_index": "houses",
  "label": "Median Square Feet",
  "script": null,
  "field": "above_area_square_ft",
  "chart": "Median",
  "button": "Square Feet",
  "created_at": "2016-04-20 18:30:44 -0400",
  "updated_at": "2016-05-02 10:40:29 -0400",
  "beta": true,
  "premium": false,
  "category": "houses"
  },
  {
  "id": 83,
  "chart_type": "map",
  "search_index": "houses",
  "label": "Count",
  "script": null,
  "field": "width",
  "chart": "Counts",
  "button": "Count",
  "created_at": "2016-04-22 14:34:19 -0400",
  "updated_at": "2016-05-02 10:40:29 -0400",
  "beta": true,
  "premium": false,
  "category": "houses"
  },
  {
  "id": 84,
  "chart_type": "map",
  "search_index": "historicals",
  "label": "Sale $/SqFt",
  "script": null,
  "field": "sale_price_per_sqft",
  "chart": "Bar",
  "button": "Sale $/SqFt",
  "created_at": "2016-04-22 12:13:15 -0400",
  "updated_at": "2016-05-02 10:40:29 -0400",
  "beta": true,
  "premium": false,
  "category": "houses"
  },
  {
  "id": 85,
  "chart_type": "pie",
  "search_index": "listings",
  "label": "Width",
  "script": null,
  "field": "width",
  "chart": "WidthTranches",
  "button": "Width",
  "created_at": "2016-04-21 11:01:23 -0400",
  "updated_at": "2016-05-02 10:40:29 -0400",
  "beta": true,
  "premium": false,
  "category": "houses"
  },
  {
  "id": 86,
  "chart_type": "map",
  "search_index": "listings",
  "label": "Asking $/SqFt",
  "script": null,
  "field": "listing_price_per_sqft",
  "chart": "Bar",
  "button": "Asking $/SqFt",
  "created_at": "2016-04-22 12:13:41 -0400",
  "updated_at": "2016-05-02 10:40:29 -0400",
  "beta": true,
  "premium": false,
  "category": "houses"
  },
  {
  "id": 87,
  "chart_type": "pie",
  "search_index": "houses",
  "label": "Square Feet",
  "script": null,
  "field": "above_area_square_ft",
  "chart": "SqFtTranches",
  "button": "Square Feet",
  "created_at": "2016-04-21 08:52:12 -0400",
  "updated_at": "2016-05-02 10:40:29 -0400",
  "beta": true,
  "premium": false,
  "category": "houses"
  },
  {
  "id": 88,
  "chart_type": "pie",
  "search_index": "historicals",
  "label": "Historical District",
  "script": null,
  "field": "is_historical",
  "chart": "MustHave",
  "button": "Historical District",
  "created_at": "2016-04-21 07:59:14 -0400",
  "updated_at": "2016-05-02 10:40:29 -0400",
  "beta": true,
  "premium": false,
  "category": "houses"
  },
  {
  "id": 89,
  "chart_type": "pie",
  "search_index": "houses",
  "label": "Garden",
  "script": null,
  "field": "garden",
  "chart": "MustHave",
  "button": "Garden",
  "created_at": "2016-04-21 07:54:00 -0400",
  "updated_at": "2016-05-02 10:40:29 -0400",
  "beta": true,
  "premium": false,
  "category": "houses"
  },
  {
  "id": 91,
  "chart_type": "map",
  "search_index": "historicals",
  "label": "Count",
  "script": null,
  "field": "sale_price",
  "chart": "Counts",
  "button": "Count",
  "created_at": "2016-04-22 14:33:45 -0400",
  "updated_at": "2016-05-02 10:40:29 -0400",
  "beta": true,
  "premium": false,
  "category": "houses"
  },
  {
  "id": 92,
  "chart_type": "bar",
  "search_index": "listings",
  "label": "Square Feet",
  "script": null,
  "field": "above_area_square_ft",
  "chart": "SqFtDistribution",
  "button": "Square Feet",
  "created_at": "2016-04-22 08:11:39 -0400",
  "updated_at": "2016-05-02 10:40:29 -0400",
  "beta": true,
  "premium": false,
  "category": "houses"
  },
  {
  "id": 93,
  "chart_type": "bar",
  "search_index": "houses",
  "label": "Square Feet",
  "script": null,
  "field": "above_area_square_ft",
  "chart": "SqFtDistribution",
  "button": "Square Feet",
  "created_at": "2016-04-21 16:26:05 -0400",
  "updated_at": "2016-05-02 10:40:29 -0400",
  "beta": true,
  "premium": false,
  "category": "houses"
  },
  {
  "id": 96,
  "chart_type": "bar",
  "search_index": "listings",
  "label": "Number of Townhouses by Width",
  "script": null,
  "field": "width",
  "chart": "CountPerWidthTranche",
  "button": "Width",
  "created_at": "2016-04-21 16:12:58 -0400",
  "updated_at": "2016-05-02 10:40:29 -0400",
  "beta": true,
  "premium": false,
  "category": "houses"
  },
  {
  "id": 97,
  "chart_type": "premium",
  "search_index": "listings",
  "label": "24 ft+ Width Premium",
  "script": null,
  "field": "is_wide",
  "chart": "Premium",
  "button": "24 ft+ Width",
  "created_at": "2016-04-22 17:19:48 -0400",
  "updated_at": "2016-05-02 10:40:29 -0400",
  "beta": true,
  "premium": false,
  "category": "houses"
  },
  {
  "id": 98,
  "chart_type": "premium",
  "search_index": "listings",
  "label": "Landmark Premium",
  "script": null,
  "field": "is_landmark",
  "chart": "Premium",
  "button": "Landmark",
  "created_at": "2016-04-22 14:17:43 -0400",
  "updated_at": "2016-05-02 10:40:29 -0400",
  "beta": true,
  "premium": false,
  "category": "houses"
  },
  {
  "id": 99,
  "chart_type": "premium",
  "search_index": "listings",
  "label": "Historical District Premium",
  "script": null,
  "field": "is_historical",
  "chart": "Premium",
  "button": "Historical District",
  "created_at": "2016-04-22 14:17:07 -0400",
  "updated_at": "2016-05-02 10:40:29 -0400",
  "beta": true,
  "premium": false,
  "category": "houses"
  },
  {
  "id": 100,
  "chart_type": "premium",
  "search_index": "listings",
  "label": "Garden Premium",
  "script": null,
  "field": "garden",
  "chart": "Premium",
  "button": "Garden",
  "created_at": "2016-04-21 13:24:46 -0400",
  "updated_at": "2016-05-02 10:40:29 -0400",
  "beta": true,
  "premium": false,
  "category": "houses"
  },
  {
  "id": 101,
  "chart_type": "map",
  "search_index": "listings",
  "label": "Count",
  "script": null,
  "field": "listing_price",
  "chart": "Counts",
  "button": "Count",
  "created_at": "2016-04-22 14:33:09 -0400",
  "updated_at": "2016-05-02 10:40:29 -0400",
  "beta": true,
  "premium": false,
  "category": "houses"
  },
  {
  "id": 102,
  "chart_type": "bar",
  "search_index": "houses",
  "label": "Number of Townhouses by Width",
  "script": null,
  "field": "width",
  "chart": "CountPerWidthTranche",
  "button": "Width",
  "created_at": "2016-04-21 12:24:45 -0400",
  "updated_at": "2016-05-02 10:40:29 -0400",
  "beta": true,
  "premium": false,
  "category": "houses"
  },
  {
  "id": 103,
  "chart_type": "pie",
  "search_index": "listings",
  "label": "Historical District",
  "script": null,
  "field": "is_historical",
  "chart": "MustHave",
  "button": "Historical District",
  "created_at": "2016-04-22 08:34:33 -0400",
  "updated_at": "2016-05-02 10:40:29 -0400",
  "beta": true,
  "premium": false,
  "category": "houses"
  },
  {
  "id": 104,
  "chart_type": "pie",
  "search_index": "houses",
  "label": "Historical District",
  "script": null,
  "field": "is_historical",
  "chart": "MustHave",
  "button": "Historical District",
  "created_at": "2016-04-22 08:32:26 -0400",
  "updated_at": "2016-05-02 10:40:29 -0400",
  "beta": true,
  "premium": false,
  "category": "houses"
  },
  {
  "id": 105,
  "chart_type": "pie",
  "search_index": "historicals",
  "label": "Garden",
  "script": null,
  "field": "garden",
  "chart": "MustHave",
  "button": "Garden",
  "created_at": "2016-04-22 08:23:53 -0400",
  "updated_at": "2016-05-02 10:40:29 -0400",
  "beta": true,
  "premium": false,
  "category": "houses"
  },
  {
  "id": 106,
  "chart_type": "pie",
  "search_index": "listings",
  "label": "Square Feet",
  "script": null,
  "field": "above_area_square_ft",
  "chart": "SqFtTranches",
  "button": "Square Feet",
  "created_at": "2016-04-22 08:20:27 -0400",
  "updated_at": "2016-05-02 10:40:29 -0400",
  "beta": true,
  "premium": false,
  "category": "houses"
  },
  {
  "id": 107,
  "chart_type": "pie",
  "search_index": "listings",
  "label": "Garden",
  "script": null,
  "field": "garden",
  "chart": "MustHave",
  "button": "Garden",
  "created_at": "2016-04-21 18:32:00 -0400",
  "updated_at": "2016-05-02 10:40:29 -0400",
  "beta": true,
  "premium": false,
  "category": "houses"
  },
  {
  "id": 108,
  "chart_type": "pie",
  "search_index": "historicals",
  "label": "Square Feet",
  "script": null,
  "field": "above_area_square_ft",
  "chart": "SqFtTranches",
  "button": "Square Feet",
  "created_at": "2016-04-21 11:35:16 -0400",
  "updated_at": "2016-05-02 10:40:29 -0400",
  "beta": true,
  "premium": false,
  "category": "houses"
  },
  {
  "id": 109,
  "chart_type": "pie",
  "search_index": "historicals",
  "label": "Width",
  "script": null,
  "field": "width",
  "chart": "WidthTranches",
  "button": "Width",
  "created_at": "2016-04-21 11:07:01 -0400",
  "updated_at": "2016-05-02 10:40:29 -0400",
  "beta": true,
  "premium": false,
  "category": "houses"
  },
  {
  "id": 95,
  "chart_type": "bar",
  "search_index": "historicals",
  "label": "Number of Sales by Width",
  "script": null,
  "field": "width",
  "chart": "CountPerWidthTranche",
  "button": "Width",
  "created_at": "2016-04-21 16:15:19 -0400",
  "updated_at": "2016-06-24 16:42:50 -0400",
  "beta": true,
  "premium": false,
  "category": "houses"
  },
  {
  "id": 94,
  "chart_type": "bar",
  "search_index": "historicals",
  "label": "Number of Sales by Square Feet",
  "script": null,
  "field": "above_area_square_ft",
  "chart": "SqFtDistribution",
  "button": "Square Feet",
  "created_at": "2016-04-21 16:19:52 -0400",
  "updated_at": "2016-06-24 16:47:25 -0400",
  "beta": true,
  "premium": false,
  "category": "houses"
  },
  {
  "id": 1,
  "chart_type": "figure",
  "search_index": "listings",
  "label": "Median Asking Price",
  "script": false,
  "field": "listing_price",
  "chart": "Median",
  "button": "Asking Price",
  "created_at": "2016-02-04 18:33:44 -0500",
  "updated_at": "2016-04-28 16:20:45 -0400",
  "beta": null,
  "premium": null,
  "category": "properties"
  },
  {
  "id": 33,
  "chart_type": "premium",
  "search_index": "listings",
  "label": "Gym Premium",
  "script": false,
  "field": "building_gym",
  "chart": "Premium",
  "button": "Gym",
  "created_at": "2016-02-04 18:33:44 -0500",
  "updated_at": "2016-04-28 16:20:46 -0400",
  "beta": null,
  "premium": null,
  "category": "properties"
  },
  {
  "id": 34,
  "chart_type": "premium",
  "search_index": "listings",
  "label": "Pets Premium",
  "script": false,
  "field": "building_pets",
  "chart": "Premium",
  "button": "Pets",
  "created_at": "2016-02-04 18:33:44 -0500",
  "updated_at": "2016-04-28 16:20:46 -0400",
  "beta": null,
  "premium": null,
  "category": "properties"
  },
  {
  "id": 35,
  "chart_type": "premium",
  "search_index": "listings",
  "label": "Pool Premium",
  "script": false,
  "field": "building_pool",
  "chart": "Premium",
  "button": "Pool",
  "created_at": "2016-02-04 18:33:44 -0500",
  "updated_at": "2016-04-28 16:20:46 -0400",
  "beta": null,
  "premium": null,
  "category": "properties"
  },
  {
  "id": 36,
  "chart_type": "premium",
  "search_index": "listings",
  "label": "Prewar Premium",
  "script": false,
  "field": "building_prewar",
  "chart": "Premium",
  "button": "Prewar",
  "created_at": "2016-02-04 18:33:44 -0500",
  "updated_at": "2016-04-28 16:20:46 -0400",
  "beta": null,
  "premium": null,
  "category": "properties"
  },
  {
  "id": 37,
  "chart_type": "premium",
  "search_index": "listings",
  "label": "Laundry - Building Premium",
  "script": false,
  "field": "building_laundry",
  "chart": "Premium",
  "button": "Laundry - Building",
  "created_at": "2016-02-04 18:33:44 -0500",
  "updated_at": "2016-04-28 16:20:46 -0400",
  "beta": null,
  "premium": null,
  "category": "properties"
  },
  {
  "id": 38,
  "chart_type": "premium",
  "search_index": "listings",
  "label": "Laundry - Unit Premium",
  "script": false,
  "field": "unit_laundry",
  "chart": "Premium",
  "button": "Laundry - Unit",
  "created_at": "2016-02-04 18:33:44 -0500",
  "updated_at": "2016-04-28 16:20:46 -0400",
  "beta": null,
  "premium": null,
  "category": "properties"
  },
  {
  "id": 2,
  "chart_type": "figure",
  "search_index": "listings",
  "label": "Median Asking $/Bed",
  "script": false,
  "field": "listing_price_per_br",
  "chart": "Median",
  "button": "Asking Price per Bed",
  "created_at": "2016-02-04 18:33:44 -0500",
  "updated_at": "2016-04-28 16:20:46 -0400",
  "beta": false,
  "premium": false,
  "category": "properties"
  },
  {
  "id": 3,
  "chart_type": "figure",
  "search_index": "listings",
  "label": "Median Asking $/SqFt",
  "script": false,
  "field": "listing_price_per_sqft",
  "chart": "Median",
  "button": "Asking Price per SqFt",
  "created_at": "2016-02-04 18:33:44 -0500",
  "updated_at": "2016-04-28 16:20:46 -0400",
  "beta": false,
  "premium": false,
  "category": "properties"
  },
  {
  "id": 4,
  "chart_type": "figure",
  "search_index": "listings",
  "label": "Median PerchPrice",
  "script": true,
  "field": "adjusted_price",
  "chart": "Median",
  "button": "PerchPrice",
  "created_at": "2016-02-04 18:33:44 -0500",
  "updated_at": "2016-04-28 16:20:46 -0400",
  "beta": false,
  "premium": false,
  "category": "properties"
  },
  {
  "id": 5,
  "chart_type": "figure",
  "search_index": "listings",
  "label": "Median PerchPrice per Bed",
  "script": true,
  "field": "adjusted_price_per_br",
  "chart": "Median",
  "button": "PerchPrice per Bed",
  "created_at": "2016-02-04 18:33:44 -0500",
  "updated_at": "2016-04-28 16:20:46 -0400",
  "beta": false,
  "premium": false,
  "category": "properties"
  },
  {
  "id": 6,
  "chart_type": "figure",
  "search_index": "listings",
  "label": "Median PerchPrice $/SqFt",
  "script": true,
  "field": "adjusted_price_per_sqft",
  "chart": "Median",
  "button": "PerchPrice per SqFt",
  "created_at": "2016-02-04 18:33:44 -0500",
  "updated_at": "2016-04-28 16:20:46 -0400",
  "beta": false,
  "premium": false,
  "category": "properties"
  },
  {
  "id": 7,
  "chart_type": "figure",
  "search_index": "listings",
  "label": "Median Maint. / Common",
  "script": false,
  "field": "hoa_fee",
  "chart": "Median",
  "button": "Maintenance / Common",
  "created_at": "2016-02-04 18:33:44 -0500",
  "updated_at": "2016-04-28 16:20:46 -0400",
  "beta": false,
  "premium": false,
  "category": "properties"
  },
  {
  "id": 8,
  "chart_type": "figure",
  "search_index": "listings",
  "label": "Median Property Taxes",
  "script": false,
  "field": "real_estate_tax",
  "chart": "Median",
  "button": "Property Taxes",
  "created_at": "2016-02-04 18:33:44 -0500",
  "updated_at": "2016-04-28 16:20:46 -0400",
  "beta": null,
  "premium": null,
  "category": "properties"
  },
  {
  "id": 9,
  "chart_type": "figure",
  "search_index": "historicals",
  "label": "Median Sale Price",
  "script": false,
  "field": "sale_price",
  "chart": "Median",
  "button": "Sale Price",
  "created_at": "2016-02-04 18:33:44 -0500",
  "updated_at": "2016-04-28 16:20:46 -0400",
  "beta": null,
  "premium": null,
  "category": "historicals"
  },
  {
  "id": 10,
  "chart_type": "figure",
  "search_index": "historicals",
  "label": "Median Sale $/SqFt",
  "script": false,
  "field": "sale_price_per_sqft",
  "chart": "Median",
  "button": "Sale Price per SqFt",
  "created_at": "2016-02-04 18:33:44 -0500",
  "updated_at": "2016-04-28 16:20:46 -0400",
  "beta": false,
  "premium": false,
  "category": "historicals"
  },
  {
  "id": 11,
  "chart_type": "pie",
  "search_index": "listings",
  "label": "Asking Price",
  "script": false,
  "field": "listing_price",
  "chart": "PriceTranches",
  "button": "Asking Price",
  "created_at": "2016-02-04 18:33:44 -0500",
  "updated_at": "2016-04-28 16:20:46 -0400",
  "beta": null,
  "premium": null,
  "category": "properties"
  },
  {
  "id": 12,
  "chart_type": "pie",
  "search_index": "listings",
  "label": "PerchPrice",
  "script": true,
  "field": "adjusted_price",
  "chart": "PriceTranches",
  "button": "PerchPrice",
  "created_at": "2016-02-04 18:33:44 -0500",
  "updated_at": "2016-04-28 16:20:46 -0400",
  "beta": null,
  "premium": null,
  "category": "properties"
  },
  {
  "id": 13,
  "chart_type": "pie",
  "search_index": "listings",
  "label": "Building Height",
  "script": false,
  "field": "num_stories",
  "chart": "Rise",
  "button": "Building Height",
  "created_at": "2016-02-04 18:33:44 -0500",
  "updated_at": "2016-04-28 16:20:46 -0400",
  "beta": null,
  "premium": null,
  "category": "properties"
  },
  {
  "id": 14,
  "chart_type": "pie",
  "search_index": "listings",
  "label": "Building Type",
  "script": false,
  "field": "property_type_code",
  "chart": "PropertyTypes",
  "button": "Building Type",
  "created_at": "2016-02-04 18:33:44 -0500",
  "updated_at": "2016-04-28 16:20:46 -0400",
  "beta": null,
  "premium": null,
  "category": "properties"
  },
  {
  "id": 15,
  "chart_type": "pie",
  "search_index": "listings",
  "label": "Doorman",
  "script": false,
  "field": "building_doorman",
  "chart": "MustHave",
  "button": "Doorman",
  "created_at": "2016-02-04 18:33:44 -0500",
  "updated_at": "2016-04-28 16:20:46 -0400",
  "beta": null,
  "premium": null,
  "category": "properties"
  },
  {
  "id": 16,
  "chart_type": "pie",
  "search_index": "listings",
  "label": "Elevator",
  "script": false,
  "field": "building_elevator",
  "chart": "MustHave",
  "button": "Elevator",
  "created_at": "2016-02-04 18:33:44 -0500",
  "updated_at": "2016-04-28 16:20:46 -0400",
  "beta": null,
  "premium": null,
  "category": "properties"
  },
  {
  "id": 17,
  "chart_type": "pie",
  "search_index": "listings",
  "label": "Gym",
  "script": false,
  "field": "building_gym",
  "chart": "MustHave",
  "button": "Gym",
  "created_at": "2016-02-04 18:33:44 -0500",
  "updated_at": "2016-04-28 16:20:46 -0400",
  "beta": null,
  "premium": null,
  "category": "properties"
  },
  {
  "id": 18,
  "chart_type": "pie",
  "search_index": "listings",
  "label": "Pets",
  "script": false,
  "field": "building_pets",
  "chart": "MustHave",
  "button": "Pets",
  "created_at": "2016-02-04 18:33:44 -0500",
  "updated_at": "2016-04-28 16:20:46 -0400",
  "beta": null,
  "premium": null,
  "category": "properties"
  },
  {
  "id": 19,
  "chart_type": "pie",
  "search_index": "listings",
  "label": "Pool",
  "script": false,
  "field": "building_pool",
  "chart": "MustHave",
  "button": "Pool",
  "created_at": "2016-02-04 18:33:44 -0500",
  "updated_at": "2016-04-28 16:20:46 -0400",
  "beta": null,
  "premium": null,
  "category": "properties"
  },
  {
  "id": 20,
  "chart_type": "pie",
  "search_index": "listings",
  "label": "Prewar",
  "script": false,
  "field": "building_prewar",
  "chart": "MustHave",
  "button": "Prewar",
  "created_at": "2016-02-04 18:33:44 -0500",
  "updated_at": "2016-04-28 16:20:46 -0400",
  "beta": null,
  "premium": null,
  "category": "properties"
  },
  {
  "id": 21,
  "chart_type": "pie",
  "search_index": "listings",
  "label": "Bedroom Count",
  "script": false,
  "field": "num_bedrooms",
  "chart": "Rooms",
  "button": "Bedrooms",
  "created_at": "2016-02-04 18:33:44 -0500",
  "updated_at": "2016-04-28 16:20:46 -0400",
  "beta": null,
  "premium": null,
  "category": "properties"
  },
  {
  "id": 22,
  "chart_type": "pie",
  "search_index": "listings",
  "label": "Tax Benefit",
  "script": false,
  "field": "has_tax_benefit",
  "chart": "NotNull",
  "button": "Tax Benefit",
  "created_at": "2016-02-04 18:33:44 -0500",
  "updated_at": "2016-04-28 16:20:46 -0400",
  "beta": null,
  "premium": null,
  "category": "properties"
  },
  {
  "id": 23,
  "chart_type": "pie",
  "search_index": "listings",
  "label": "Laundry - Building",
  "script": false,
  "field": "building_laundry",
  "chart": "MustHave",
  "button": "Laundry - Building",
  "created_at": "2016-02-04 18:33:44 -0500",
  "updated_at": "2016-04-28 16:20:46 -0400",
  "beta": null,
  "premium": null,
  "category": "properties"
  },
  {
  "id": 24,
  "chart_type": "pie",
  "search_index": "listings",
  "label": "Laundry - Unit",
  "script": false,
  "field": "unit_laundry",
  "chart": "MustHave",
  "button": "Laundry - Unit",
  "created_at": "2016-02-04 18:33:44 -0500",
  "updated_at": "2016-04-28 16:20:46 -0400",
  "beta": false,
  "premium": false,
  "category": "properties"
  },
  {
  "id": 25,
  "chart_type": "pie",
  "search_index": "listings",
  "label": "Fireplace",
  "script": false,
  "field": "has_fireplace",
  "chart": "MustHave",
  "button": "Fireplace",
  "created_at": "2016-02-04 18:33:44 -0500",
  "updated_at": "2016-04-28 16:20:46 -0400",
  "beta": null,
  "premium": null,
  "category": "properties"
  },
  {
  "id": 26,
  "chart_type": "pie",
  "search_index": "listings",
  "label": "Garage",
  "script": false,
  "field": "garage_type_code",
  "chart": "GarageMultiPie",
  "button": "Garage",
  "created_at": "2016-02-04 18:33:44 -0500",
  "updated_at": "2016-04-28 16:20:46 -0400",
  "beta": false,
  "premium": false,
  "category": "properties"
  },
  {
  "id": 27,
  "chart_type": "pie",
  "search_index": "listings",
  "label": "Outdoor Space",
  "script": false,
  "field": "has_outdoor_space",
  "chart": "MustHave",
  "button": "Outdoor Space",
  "created_at": "2016-02-04 18:33:44 -0500",
  "updated_at": "2016-04-28 16:20:46 -0400",
  "beta": null,
  "premium": null,
  "category": "properties"
  },
  {
  "id": 28,
  "chart_type": "pie",
  "search_index": "historicals",
  "label": "Sale Price",
  "script": false,
  "field": "sale_price",
  "chart": "PriceTranches",
  "button": "Sale Price",
  "created_at": "2016-02-04 18:33:44 -0500",
  "updated_at": "2016-04-28 16:20:46 -0400",
  "beta": null,
  "premium": null,
  "category": "historicals"
  },
  {
  "id": 29,
  "chart_type": "pie",
  "search_index": "historicals",
  "label": "Building Height",
  "script": false,
  "field": "num_stories",
  "chart": "Rise",
  "button": "Building Height",
  "created_at": "2016-02-04 18:33:44 -0500",
  "updated_at": "2016-04-28 16:20:46 -0400",
  "beta": null,
  "premium": null,
  "category": "historicals"
  },
  {
  "id": 30,
  "chart_type": "pie",
  "search_index": "historicals",
  "label": "Building Type",
  "script": false,
  "field": "property_type_code",
  "chart": "PropertyTypes",
  "button": "Building Type",
  "created_at": "2016-02-04 18:33:44 -0500",
  "updated_at": "2016-04-28 16:20:46 -0400",
  "beta": null,
  "premium": null,
  "category": "historicals"
  },
  {
  "id": 31,
  "chart_type": "premium",
  "search_index": "listings",
  "label": "Doorman Premium",
  "script": false,
  "field": "building_doorman",
  "chart": "Premium",
  "button": "Doorman",
  "created_at": "2016-02-04 18:33:44 -0500",
  "updated_at": "2016-04-28 16:20:46 -0400",
  "beta": null,
  "premium": null,
  "category": "properties"
  },
  {
  "id": 32,
  "chart_type": "premium",
  "search_index": "listings",
  "label": "Elevator Premium",
  "script": false,
  "field": "building_elevator",
  "chart": "Premium",
  "button": "Elevator",
  "created_at": "2016-02-04 18:33:44 -0500",
  "updated_at": "2016-04-28 16:20:46 -0400",
  "beta": null,
  "premium": null,
  "category": "properties"
  },
  {
  "id": 39,
  "chart_type": "premium",
  "search_index": "listings",
  "label": "Fireplace Premium",
  "script": false,
  "field": "has_fireplace",
  "chart": "Premium",
  "button": "Fireplace",
  "created_at": "2016-02-04 18:33:45 -0500",
  "updated_at": "2016-04-28 16:20:46 -0400",
  "beta": null,
  "premium": null,
  "category": "properties"
  },
  {
  "id": 40,
  "chart_type": "premium",
  "search_index": "listings",
  "label": "Garage Premium",
  "script": false,
  "field": "garage_type_code",
  "chart": "GaragePremium",
  "button": "Garage",
  "created_at": "2016-02-04 18:33:45 -0500",
  "updated_at": "2016-04-28 16:20:46 -0400",
  "beta": false,
  "premium": false,
  "category": "properties"
  },
  {
  "id": 41,
  "chart_type": "premium",
  "search_index": "listings",
  "label": "Outdoor Space Premium",
  "script": false,
  "field": "has_outdoor_space",
  "chart": "Premium",
  "button": "Outdoor Space",
  "created_at": "2016-02-04 18:33:45 -0500",
  "updated_at": "2016-04-28 16:20:46 -0400",
  "beta": false,
  "premium": false,
  "category": "properties"
  },
  {
  "id": 42,
  "chart_type": "trends",
  "search_index": "historicals",
  "label": "Qtrly Median Sale Price",
  "script": false,
  "field": "sale_price",
  "chart": "QuarterlyTrendBar",
  "button": "Sale Price (Qtrly)",
  "created_at": "2016-02-04 18:33:45 -0500",
  "updated_at": "2016-04-28 16:20:46 -0400",
  "beta": false,
  "premium": false,
  "category": "historicals"
  },
  {
  "id": 43,
  "chart_type": "trends",
  "search_index": "historicals",
  "label": "Qtrly Median $/SqFt",
  "script": false,
  "field": "sale_price_per_sqft",
  "chart": "QuarterlyTrendBar",
  "button": "Sale Price per SqFt (Qtrly)",
  "created_at": "2016-02-04 18:33:45 -0500",
  "updated_at": "2016-04-28 16:20:46 -0400",
  "beta": false,
  "premium": false,
  "category": "historicals"
  },
  {
  "id": 44,
  "chart_type": "trends",
  "search_index": "historicals",
  "label": "Median Sale Price",
  "script": false,
  "field": "sale_price",
  "chart": "YearlyTrendBar",
  "button": "Sale Price (Annual)",
  "created_at": "2016-02-04 18:33:45 -0500",
  "updated_at": "2016-04-28 16:20:46 -0400",
  "beta": false,
  "premium": false,
  "category": "historicals"
  },
  {
  "id": 45,
  "chart_type": "trends",
  "search_index": "historicals",
  "label": "Median Sale $/SqFt",
  "script": false,
  "field": "sale_price_per_sqft",
  "chart": "YearlyTrendBar",
  "button": "Sale Price per SqFt (Annual)",
  "created_at": "2016-02-04 18:33:45 -0500",
  "updated_at": "2016-04-28 16:20:46 -0400",
  "beta": false,
  "premium": false,
  "category": "historicals"
  },
  {
  "id": 47,
  "chart_type": "bar",
  "search_index": "listings",
  "label": "Asking Price",
  "script": false,
  "field": "listing_price",
  "chart": "Percentiles",
  "button": "Asking Price",
  "created_at": "2016-02-04 18:33:45 -0500",
  "updated_at": "2016-04-28 16:20:46 -0400",
  "beta": null,
  "premium": null,
  "category": "properties"
  },
  {
  "id": 48,
  "chart_type": "bar",
  "search_index": "listings",
  "label": "Asking Price per Bed",
  "script": false,
  "field": "listing_price_per_br",
  "chart": "Percentiles",
  "button": "Asking Price per Bed",
  "created_at": "2016-02-04 18:33:45 -0500",
  "updated_at": "2016-04-28 16:20:46 -0400",
  "beta": null,
  "premium": null,
  "category": "properties"
  },
  {
  "id": 49,
  "chart_type": "bar",
  "search_index": "listings",
  "label": "Asking Price $/SqFt",
  "script": false,
  "field": "listing_price_per_sqft",
  "chart": "Percentiles",
  "button": "Asking Price per SqFt",
  "created_at": "2016-02-04 18:33:45 -0500",
  "updated_at": "2016-04-28 16:20:46 -0400",
  "beta": false,
  "premium": false,
  "category": "properties"
  },
  {
  "id": 50,
  "chart_type": "bar",
  "search_index": "listings",
  "label": "PerchPrice",
  "script": true,
  "field": "adjusted_price",
  "chart": "Percentiles",
  "button": "PerchPrice",
  "created_at": "2016-02-04 18:33:45 -0500",
  "updated_at": "2016-04-28 16:20:46 -0400",
  "beta": null,
  "premium": null,
  "category": "properties"
  },
  {
  "id": 51,
  "chart_type": "bar",
  "search_index": "listings",
  "label": "PerchPrice per Bed",
  "script": true,
  "field": "adjusted_price_per_br",
  "chart": "Percentiles",
  "button": "PerchPrice per Bed",
  "created_at": "2016-02-04 18:33:45 -0500",
  "updated_at": "2016-04-28 16:20:46 -0400",
  "beta": null,
  "premium": null,
  "category": "properties"
  },
  {
  "id": 52,
  "chart_type": "bar",
  "search_index": "listings",
  "label": "PerchPrice $/SqFt",
  "script": true,
  "field": "adjusted_price_per_sqft",
  "chart": "Percentiles",
  "button": "PerchPrice per SqFt",
  "created_at": "2016-02-04 18:33:45 -0500",
  "updated_at": "2016-04-28 16:20:46 -0400",
  "beta": false,
  "premium": false,
  "category": "properties"
  },
  {
  "id": 53,
  "chart_type": "bar",
  "search_index": "listings",
  "label": "Maintenance / Common",
  "script": false,
  "field": "hoa_fee",
  "chart": "Percentiles",
  "button": "Maintenance / Common",
  "created_at": "2016-02-04 18:33:45 -0500",
  "updated_at": "2016-04-28 16:20:46 -0400",
  "beta": null,
  "premium": null,
  "category": "properties"
  },
  {
  "id": 54,
  "chart_type": "bar",
  "search_index": "listings",
  "label": "Square Feet",
  "script": false,
  "field": "above_area_square_ft",
  "chart": "Percentiles",
  "button": "Square Feet",
  "created_at": "2016-02-04 18:33:45 -0500",
  "updated_at": "2016-04-28 16:20:46 -0400",
  "beta": null,
  "premium": null,
  "category": "properties"
  },
  {
  "id": 55,
  "chart_type": "bar",
  "search_index": "listings",
  "label": "Median Asking Price",
  "script": false,
  "field": "listing_price",
  "chart": "MedianPerBr",
  "button": "Asking Price by # Beds",
  "created_at": "2016-02-04 18:33:45 -0500",
  "updated_at": "2016-04-28 16:20:46 -0400",
  "beta": null,
  "premium": null,
  "category": "properties"
  },
  {
  "id": 56,
  "chart_type": "bar",
  "search_index": "listings",
  "label": "Median Asking Price",
  "script": false,
  "field": "listing_price",
  "chart": "MedianPerPropertyCode",
  "button": "Asking Price by Type",
  "created_at": "2016-02-04 18:33:45 -0500",
  "updated_at": "2016-04-28 16:20:46 -0400",
  "beta": null,
  "premium": null,
  "category": "properties"
  },
  {
  "id": 57,
  "chart_type": "bar",
  "search_index": "listings",
  "label": "Median PerchPrice",
  "script": true,
  "field": "adjusted_price",
  "chart": "MedianPerBr",
  "button": "PerchPrice by # Beds",
  "created_at": "2016-02-04 18:33:45 -0500",
  "updated_at": "2016-04-28 16:20:46 -0400",
  "beta": null,
  "premium": null,
  "category": "properties"
  },
  {
  "id": 58,
  "chart_type": "bar",
  "search_index": "listings",
  "label": "Median PerchPrice",
  "script": true,
  "field": "adjusted_price",
  "chart": "MedianPerPropertyCode",
  "button": "PerchPrice by Type",
  "created_at": "2016-02-04 18:33:45 -0500",
  "updated_at": "2016-04-28 16:20:46 -0400",
  "beta": false,
  "premium": false,
  "category": "properties"
  },
  {
  "id": 59,
  "chart_type": "bar",
  "search_index": "historicals",
  "label": "Sale Price",
  "script": false,
  "field": "sale_price",
  "chart": "Percentiles",
  "button": "Sale Price",
  "created_at": "2016-02-04 18:33:45 -0500",
  "updated_at": "2016-04-28 16:20:46 -0400",
  "beta": false,
  "premium": false,
  "category": "historicals"
  },
  {
  "id": 60,
  "chart_type": "bar",
  "search_index": "historicals",
  "label": "Sale $/SqFt",
  "script": false,
  "field": "sale_price_per_sqft",
  "chart": "Percentiles",
  "button": "Sale Price per SqFt",
  "created_at": "2016-02-04 18:33:45 -0500",
  "updated_at": "2016-04-28 16:20:46 -0400",
  "beta": false,
  "premium": false,
  "category": "historicals"
  },
  {
  "id": 61,
  "chart_type": "bar",
  "search_index": "historicals",
  "label": "Square Feet",
  "script": false,
  "field": "gross_square_feet",
  "chart": "Percentiles",
  "button": "Square Feet",
  "created_at": "2016-02-04 18:33:45 -0500",
  "updated_at": "2016-04-28 16:20:46 -0400",
  "beta": null,
  "premium": null,
  "category": "historicals"
  },
  {
  "id": 62,
  "chart_type": "bar",
  "search_index": "historicals",
  "label": "Median Sale Price",
  "script": false,
  "field": "sale_price",
  "chart": "MedianPerPropertyCode",
  "button": "Sale Price by Type",
  "created_at": "2016-02-04 18:33:45 -0500",
  "updated_at": "2016-04-28 16:20:46 -0400",
  "beta": null,
  "premium": null,
  "category": "historicals"
  },
  {
  "id": 63,
  "chart_type": "map",
  "search_index": "listings",
  "label": "Asking Price",
  "script": false,
  "field": "listing_price",
  "chart": "Bar",
  "button": "Asking Price",
  "created_at": "2016-02-04 18:33:45 -0500",
  "updated_at": "2016-04-28 16:20:46 -0400",
  "beta": null,
  "premium": null,
  "category": "properties"
  },
  {
  "id": 64,
  "chart_type": "map",
  "search_index": "listings",
  "label": "Asking $/SqFt",
  "script": false,
  "field": "listing_price_per_sqft",
  "chart": "Bar",
  "button": "Asking Price per SqFt",
  "created_at": "2016-02-04 18:33:45 -0500",
  "updated_at": "2016-04-28 16:20:46 -0400",
  "beta": false,
  "premium": false,
  "category": "properties"
  },
  {
  "id": 65,
  "chart_type": "map",
  "search_index": "listings",
  "label": "Asking Price per Bed",
  "script": false,
  "field": "listing_price_per_br",
  "chart": "Bar",
  "button": "Asking Price per Bed",
  "created_at": "2016-02-04 18:33:45 -0500",
  "updated_at": "2016-04-28 16:20:46 -0400",
  "beta": null,
  "premium": null,
  "category": "properties"
  },
  {
  "id": 66,
  "chart_type": "map",
  "search_index": "listings",
  "label": "PerchPrice",
  "script": true,
  "field": "adjusted_price",
  "chart": "Bar",
  "button": "PerchPrice",
  "created_at": "2016-02-04 18:33:45 -0500",
  "updated_at": "2016-04-28 16:20:46 -0400",
  "beta": null,
  "premium": null,
  "category": "properties"
  },
  {
  "id": 67,
  "chart_type": "map",
  "search_index": "listings",
  "label": "PerchPrice $/SqFt",
  "script": true,
  "field": "adjusted_price_per_sqft",
  "chart": "Bar",
  "button": "PerchPrice per SqFt",
  "created_at": "2016-02-04 18:33:45 -0500",
  "updated_at": "2016-04-28 16:20:46 -0400",
  "beta": false,
  "premium": false,
  "category": "properties"
  },
  {
  "id": 68,
  "chart_type": "map",
  "search_index": "listings",
  "label": "PerchPrice per Bed",
  "script": true,
  "field": "adjusted_price_per_br",
  "chart": "Bar",
  "button": "PerchPrice per Bed",
  "created_at": "2016-02-04 18:33:45 -0500",
  "updated_at": "2016-04-28 16:20:46 -0400",
  "beta": null,
  "premium": null,
  "category": "properties"
  },
  {
  "id": 69,
  "chart_type": "map",
  "search_index": "listings",
  "label": "Maintenance / Common",
  "script": false,
  "field": "hoa_fee",
  "chart": "Bar",
  "button": "Maintenance / Common",
  "created_at": "2016-02-04 18:33:45 -0500",
  "updated_at": "2016-04-28 16:20:46 -0400",
  "beta": false,
  "premium": false,
  "category": "properties"
  },
  {
  "id": 70,
  "chart_type": "map",
  "search_index": "listings",
  "label": "Median Property Taxes",
  "script": false,
  "field": "real_estate_tax",
  "chart": "Bar",
  "button": "Property Taxes",
  "created_at": "2016-02-04 18:33:45 -0500",
  "updated_at": "2016-04-28 16:20:46 -0400",
  "beta": false,
  "premium": false,
  "category": "properties"
  },
  {
  "id": 71,
  "chart_type": "map",
  "search_index": "historicals",
  "label": "Median Sale Price",
  "script": false,
  "field": "sale_price",
  "chart": "Bar",
  "button": "Sale Price",
  "created_at": "2016-02-04 18:33:45 -0500",
  "updated_at": "2016-04-28 16:20:46 -0400",
  "beta": null,
  "premium": null,
  "category": "historicals"
  },
  {
  "id": 72,
  "chart_type": "map",
  "search_index": "historicals",
  "label": "Median Sale $/SqFt",
  "script": false,
  "field": "sale_price_per_sqft",
  "chart": "Bar",
  "button": "Sale Price per SqFt",
  "created_at": "2016-02-04 18:33:45 -0500",
  "updated_at": "2016-04-28 16:20:46 -0400",
  "beta": false,
  "premium": false,
  "category": "historicals"
  }
  ]
