{
  "v": "5.1.15",
  "fr": 25,
  "ip": 0,
  "op": 62,
  "w": 500,
  "h": 500,
  "nm": "dots-loading",
  "ddd": 0,
  "assets": [],
  "layers": [{
    "ddd": 0,
    "ind": 1,
    "ty": 4,
    "nm": "Shape Layer 4",
    "sr": 1,
    "ks": {
      "o": {
        "a": 0,
        "k": 100,
        "ix": 11
      },
      "r": {
        "a": 0,
        "k": 0,
        "ix": 10
      },
      "p": {
        "a": 0,
        "k": [490, 258.195, 0],
        "ix": 2
      },
      "a": {
        "a": 0,
        "k": [0, 0, 0],
        "ix": 1
      },
      "s": {
        "a": 0,
        "k": [100, 100, 100],
        "ix": 6
      }
    },
    "ao": 0,
    "shapes": [{
      "ty": "gr",
      "it": [{
        "d": 1,
        "ty": "el",
        "s": {
          "a": 0,
          "k": [49.664, 49.664],
          "ix": 2
        },
        "p": {
          "a": 0,
          "k": [0, 0],
          "ix": 3
        },
        "nm": "Ellipse Path 1",
        "mn": "ADBE Vector Shape - Ellipse",
        "hd": false
      }, {
        "ty": "st",
        "c": {
          "a": 0,
          "k": [0.216, 0.824, 0.745, 1],
          "ix": 3
        },
        "o": {
          "a": 0,
          "k": 100,
          "ix": 4
        },
        "w": {
          "a": 0,
          "k": 0,
          "ix": 5
        },
        "lc": 1,
        "lj": 1,
        "ml": 4,
        "nm": "Stroke 1",
        "mn": "ADBE Vector Graphic - Stroke",
        "hd": false
      }, {
        "ty": "fl",
        "c": {
          "a": 0,
          "k": [0.216, 0.824, 0.745, 1],
          "ix": 4
        },
        "o": {
          "a": 0,
          "k": 100,
          "ix": 5
        },
        "r": 1,
        "nm": "Fill 1",
        "mn": "ADBE Vector Graphic - Fill",
        "hd": false
      }, {
        "ty": "tr",
        "p": {
          "a": 0,
          "k": [-133.359, -8.129],
          "ix": 2
        },
        "a": {
          "a": 0,
          "k": [0, 0],
          "ix": 1
        },
        "s": {
          "a": 1,
          "k": [{
            "i": {
              "x": [0.667, 0.667],
              "y": [1, 1]
            },
            "o": {
              "x": [0.699, 0.699],
              "y": [-0.011, -0.011]
            },
            "n": ["0p667_1_0p699_-0p011", "0p667_1_0p699_-0p011"],
            "t": 8,
            "s": [10, 10],
            "e": [80, 80]
          }, {
            "i": {
              "x": [0.385, 0.385],
              "y": [1, 1]
            },
            "o": {
              "x": [0.791, 0.791],
              "y": [0.105, 0.105]
            },
            "n": ["0p385_1_0p791_0p105", "0p385_1_0p791_0p105"],
            "t": 16,
            "s": [80, 80],
            "e": [10, 10]
          }, {
            "i": {
              "x": [0.244, 0.244],
              "y": [1, 1]
            },
            "o": {
              "x": [0.404, 0.404],
              "y": [0, 0]
            },
            "n": ["0p244_1_0p404_0", "0p244_1_0p404_0"],
            "t": 25,
            "s": [10, 10],
            "e": [80, 80]
          }, {
            "i": {
              "x": [0.42, 0.42],
              "y": [0.989, 0.989]
            },
            "o": {
              "x": [0.791, 0.791],
              "y": [0, 0]
            },
            "n": ["0p42_0p989_0p791_0", "0p42_0p989_0p791_0"],
            "t": 34,
            "s": [80, 80],
            "e": [10, 10]
          }, {
            "i": {
              "x": [0.271, 0.271],
              "y": [1, 1]
            },
            "o": {
              "x": [0.294, 0.294],
              "y": [-0.017, -0.017]
            },
            "n": ["0p271_1_0p294_-0p017", "0p271_1_0p294_-0p017"],
            "t": 42,
            "s": [10, 10],
            "e": [80, 80]
          }, {
            "i": {
              "x": [0.112, 0.112],
              "y": [1.017, 1.017]
            },
            "o": {
              "x": [0.333, 0.333],
              "y": [0, 0]
            },
            "n": ["0p112_1p017_0p333_0", "0p112_1p017_0p333_0"],
            "t": 50,
            "s": [80, 80],
            "e": [10, 10]
          }, {
            "t": 58
          }],
          "ix": 3
        },
        "r": {
          "a": 0,
          "k": 0,
          "ix": 6
        },
        "o": {
          "a": 0,
          "k": 100,
          "ix": 7
        },
        "sk": {
          "a": 0,
          "k": 0,
          "ix": 4
        },
        "sa": {
          "a": 0,
          "k": 0,
          "ix": 5
        },
        "nm": "Transform"
      }],
      "nm": "Ellipse 1",
      "np": 3,
      "cix": 2,
      "ix": 1,
      "mn": "ADBE Vector Group",
      "hd": false
    }],
    "ip": 0,
    "op": 125,
    "st": 0,
    "bm": 0
  }, {
    "ddd": 0,
    "ind": 2,
    "ty": 4,
    "nm": "Shape Layer 3",
    "sr": 1,
    "ks": {
      "o": {
        "a": 0,
        "k": 100,
        "ix": 11
      },
      "r": {
        "a": 0,
        "k": 0,
        "ix": 10
      },
      "p": {
        "a": 0,
        "k": [410, 258.195, 0],
        "ix": 2
      },
      "a": {
        "a": 0,
        "k": [0, 0, 0],
        "ix": 1
      },
      "s": {
        "a": 0,
        "k": [100, 100, 100],
        "ix": 6
      }
    },
    "ao": 0,
    "shapes": [{
      "ty": "gr",
      "it": [{
        "d": 1,
        "ty": "el",
        "s": {
          "a": 0,
          "k": [49.664, 49.664],
          "ix": 2
        },
        "p": {
          "a": 0,
          "k": [0, 0],
          "ix": 3
        },
        "nm": "Ellipse Path 1",
        "mn": "ADBE Vector Shape - Ellipse",
        "hd": false
      }, {
        "ty": "st",
        "c": {
          "a": 0,
          "k": [0.216, 0.824, 0.745, 1],
          "ix": 3
        },
        "o": {
          "a": 0,
          "k": 100,
          "ix": 4
        },
        "w": {
          "a": 0,
          "k": 0,
          "ix": 5
        },
        "lc": 1,
        "lj": 1,
        "ml": 4,
        "nm": "Stroke 1",
        "mn": "ADBE Vector Graphic - Stroke",
        "hd": false
      }, {
        "ty": "fl",
        "c": {
          "a": 0,
          "k": [0.216, 0.824, 0.745, 1],
          "ix": 4
        },
        "o": {
          "a": 0,
          "k": 100,
          "ix": 5
        },
        "r": 1,
        "nm": "Fill 1",
        "mn": "ADBE Vector Graphic - Fill",
        "hd": false
      }, {
        "ty": "tr",
        "p": {
          "a": 0,
          "k": [-133.359, -8.129],
          "ix": 2
        },
        "a": {
          "a": 0,
          "k": [0, 0],
          "ix": 1
        },
        "s": {
          "a": 1,
          "k": [{
            "i": {
              "x": [0.667, 0.667],
              "y": [1, 1]
            },
            "o": {
              "x": [0.699, 0.699],
              "y": [-0.011, -0.011]
            },
            "n": ["0p667_1_0p699_-0p011", "0p667_1_0p699_-0p011"],
            "t": 5,
            "s": [10, 10],
            "e": [80, 80]
          }, {
            "i": {
              "x": [0.385, 0.385],
              "y": [1, 1]
            },
            "o": {
              "x": [0.791, 0.791],
              "y": [0.105, 0.105]
            },
            "n": ["0p385_1_0p791_0p105", "0p385_1_0p791_0p105"],
            "t": 13,
            "s": [80, 80],
            "e": [10, 10]
          }, {
            "i": {
              "x": [0.244, 0.244],
              "y": [1, 1]
            },
            "o": {
              "x": [0.404, 0.404],
              "y": [0, 0]
            },
            "n": ["0p244_1_0p404_0", "0p244_1_0p404_0"],
            "t": 22,
            "s": [10, 10],
            "e": [80, 80]
          }, {
            "i": {
              "x": [0.42, 0.42],
              "y": [0.989, 0.989]
            },
            "o": {
              "x": [0.791, 0.791],
              "y": [0, 0]
            },
            "n": ["0p42_0p989_0p791_0", "0p42_0p989_0p791_0"],
            "t": 31,
            "s": [80, 80],
            "e": [10, 10]
          }, {
            "i": {
              "x": [0.271, 0.271],
              "y": [1, 1]
            },
            "o": {
              "x": [0.294, 0.294],
              "y": [-0.017, -0.017]
            },
            "n": ["0p271_1_0p294_-0p017", "0p271_1_0p294_-0p017"],
            "t": 39,
            "s": [10, 10],
            "e": [80, 80]
          }, {
            "i": {
              "x": [0.112, 0.112],
              "y": [1.017, 1.017]
            },
            "o": {
              "x": [0.333, 0.333],
              "y": [0, 0]
            },
            "n": ["0p112_1p017_0p333_0", "0p112_1p017_0p333_0"],
            "t": 47,
            "s": [80, 80],
            "e": [10, 10]
          }, {
            "t": 55
          }],
          "ix": 3
        },
        "r": {
          "a": 0,
          "k": 0,
          "ix": 6
        },
        "o": {
          "a": 0,
          "k": 100,
          "ix": 7
        },
        "sk": {
          "a": 0,
          "k": 0,
          "ix": 4
        },
        "sa": {
          "a": 0,
          "k": 0,
          "ix": 5
        },
        "nm": "Transform"
      }],
      "nm": "Ellipse 1",
      "np": 3,
      "cix": 2,
      "ix": 1,
      "mn": "ADBE Vector Group",
      "hd": false
    }],
    "ip": 0,
    "op": 125,
    "st": 0,
    "bm": 0
  }, {
    "ddd": 0,
    "ind": 3,
    "ty": 4,
    "nm": "Shape Layer 2",
    "sr": 1,
    "ks": {
      "o": {
        "a": 0,
        "k": 100,
        "ix": 11
      },
      "r": {
        "a": 0,
        "k": 0,
        "ix": 10
      },
      "p": {
        "a": 0,
        "k": [330, 258.195, 0],
        "ix": 2
      },
      "a": {
        "a": 0,
        "k": [0, 0, 0],
        "ix": 1
      },
      "s": {
        "a": 0,
        "k": [100, 100, 100],
        "ix": 6
      }
    },
    "ao": 0,
    "shapes": [{
      "ty": "gr",
      "it": [{
        "d": 1,
        "ty": "el",
        "s": {
          "a": 0,
          "k": [49.664, 49.664],
          "ix": 2
        },
        "p": {
          "a": 0,
          "k": [0, 0],
          "ix": 3
        },
        "nm": "Ellipse Path 1",
        "mn": "ADBE Vector Shape - Ellipse",
        "hd": false
      }, {
        "ty": "st",
        "c": {
          "a": 0,
          "k": [0.216, 0.824, 0.745, 1],
          "ix": 3
        },
        "o": {
          "a": 0,
          "k": 100,
          "ix": 4
        },
        "w": {
          "a": 0,
          "k": 0,
          "ix": 5
        },
        "lc": 1,
        "lj": 1,
        "ml": 4,
        "nm": "Stroke 1",
        "mn": "ADBE Vector Graphic - Stroke",
        "hd": false
      }, {
        "ty": "fl",
        "c": {
          "a": 0,
          "k": [0.216, 0.824, 0.745, 1],
          "ix": 4
        },
        "o": {
          "a": 0,
          "k": 100,
          "ix": 5
        },
        "r": 1,
        "nm": "Fill 1",
        "mn": "ADBE Vector Graphic - Fill",
        "hd": false
      }, {
        "ty": "tr",
        "p": {
          "a": 0,
          "k": [-133.359, -8.129],
          "ix": 2
        },
        "a": {
          "a": 0,
          "k": [0, 0],
          "ix": 1
        },
        "s": {
          "a": 1,
          "k": [{
            "i": {
              "x": [0.667, 0.667],
              "y": [1, 1]
            },
            "o": {
              "x": [0.699, 0.699],
              "y": [-0.011, -0.011]
            },
            "n": ["0p667_1_0p699_-0p011", "0p667_1_0p699_-0p011"],
            "t": 3,
            "s": [10, 10],
            "e": [80, 80]
          }, {
            "i": {
              "x": [0.385, 0.385],
              "y": [1, 1]
            },
            "o": {
              "x": [0.791, 0.791],
              "y": [0.105, 0.105]
            },
            "n": ["0p385_1_0p791_0p105", "0p385_1_0p791_0p105"],
            "t": 11,
            "s": [80, 80],
            "e": [10, 10]
          }, {
            "i": {
              "x": [0.244, 0.244],
              "y": [1, 1]
            },
            "o": {
              "x": [0.404, 0.404],
              "y": [0, 0]
            },
            "n": ["0p244_1_0p404_0", "0p244_1_0p404_0"],
            "t": 20,
            "s": [10, 10],
            "e": [80, 80]
          }, {
            "i": {
              "x": [0.42, 0.42],
              "y": [0.989, 0.989]
            },
            "o": {
              "x": [0.791, 0.791],
              "y": [0, 0]
            },
            "n": ["0p42_0p989_0p791_0", "0p42_0p989_0p791_0"],
            "t": 29,
            "s": [80, 80],
            "e": [10, 10]
          }, {
            "i": {
              "x": [0.271, 0.271],
              "y": [1, 1]
            },
            "o": {
              "x": [0.294, 0.294],
              "y": [-0.017, -0.017]
            },
            "n": ["0p271_1_0p294_-0p017", "0p271_1_0p294_-0p017"],
            "t": 37,
            "s": [10, 10],
            "e": [80, 80]
          }, {
            "i": {
              "x": [0.112, 0.112],
              "y": [1.017, 1.017]
            },
            "o": {
              "x": [0.333, 0.333],
              "y": [0, 0]
            },
            "n": ["0p112_1p017_0p333_0", "0p112_1p017_0p333_0"],
            "t": 45,
            "s": [80, 80],
            "e": [10, 10]
          }, {
            "t": 53
          }],
          "ix": 3
        },
        "r": {
          "a": 0,
          "k": 0,
          "ix": 6
        },
        "o": {
          "a": 0,
          "k": 100,
          "ix": 7
        },
        "sk": {
          "a": 0,
          "k": 0,
          "ix": 4
        },
        "sa": {
          "a": 0,
          "k": 0,
          "ix": 5
        },
        "nm": "Transform"
      }],
      "nm": "Ellipse 1",
      "np": 3,
      "cix": 2,
      "ix": 1,
      "mn": "ADBE Vector Group",
      "hd": false
    }],
    "ip": 0,
    "op": 125,
    "st": 0,
    "bm": 0
  }, {
    "ddd": 0,
    "ind": 4,
    "ty": 4,
    "nm": "Shape Layer 1",
    "sr": 1,
    "ks": {
      "o": {
        "a": 0,
        "k": 100,
        "ix": 11
      },
      "r": {
        "a": 0,
        "k": 0,
        "ix": 10
      },
      "p": {
        "a": 0,
        "k": [250, 258.195, 0],
        "ix": 2
      },
      "a": {
        "a": 0,
        "k": [0, 0, 0],
        "ix": 1
      },
      "s": {
        "a": 0,
        "k": [100, 100, 100],
        "ix": 6
      }
    },
    "ao": 0,
    "shapes": [{
      "ty": "gr",
      "it": [{
        "d": 1,
        "ty": "el",
        "s": {
          "a": 0,
          "k": [49.664, 49.664],
          "ix": 2
        },
        "p": {
          "a": 0,
          "k": [0, 0],
          "ix": 3
        },
        "nm": "Ellipse Path 1",
        "mn": "ADBE Vector Shape - Ellipse",
        "hd": false
      }, {
        "ty": "st",
        "c": {
          "a": 0,
          "k": [0.216, 0.824, 0.745, 1],
          "ix": 3
        },
        "o": {
          "a": 0,
          "k": 100,
          "ix": 4
        },
        "w": {
          "a": 0,
          "k": 0,
          "ix": 5
        },
        "lc": 1,
        "lj": 1,
        "ml": 4,
        "nm": "Stroke 1",
        "mn": "ADBE Vector Graphic - Stroke",
        "hd": false
      }, {
        "ty": "fl",
        "c": {
          "a": 0,
          "k": [0.216, 0.824, 0.745, 1],
          "ix": 4
        },
        "o": {
          "a": 0,
          "k": 100,
          "ix": 5
        },
        "r": 1,
        "nm": "Fill 1",
        "mn": "ADBE Vector Graphic - Fill",
        "hd": false
      }, {
        "ty": "tr",
        "p": {
          "a": 0,
          "k": [-133.359, -8.129],
          "ix": 2
        },
        "a": {
          "a": 0,
          "k": [0, 0],
          "ix": 1
        },
        "s": {
          "a": 1,
          "k": [{
            "i": {
              "x": [0.667, 0.667],
              "y": [1, 1]
            },
            "o": {
              "x": [0.699, 0.699],
              "y": [-0.011, -0.011]
            },
            "n": ["0p667_1_0p699_-0p011", "0p667_1_0p699_-0p011"],
            "t": 0,
            "s": [10, 10],
            "e": [80, 80]
          }, {
            "i": {
              "x": [0.385, 0.385],
              "y": [1, 1]
            },
            "o": {
              "x": [0.791, 0.791],
              "y": [0.105, 0.105]
            },
            "n": ["0p385_1_0p791_0p105", "0p385_1_0p791_0p105"],
            "t": 8,
            "s": [80, 80],
            "e": [10, 10]
          }, {
            "i": {
              "x": [0.244, 0.244],
              "y": [1, 1]
            },
            "o": {
              "x": [0.404, 0.404],
              "y": [0, 0]
            },
            "n": ["0p244_1_0p404_0", "0p244_1_0p404_0"],
            "t": 17,
            "s": [10, 10],
            "e": [80, 80]
          }, {
            "i": {
              "x": [0.42, 0.42],
              "y": [0.989, 0.989]
            },
            "o": {
              "x": [0.791, 0.791],
              "y": [0, 0]
            },
            "n": ["0p42_0p989_0p791_0", "0p42_0p989_0p791_0"],
            "t": 26,
            "s": [80, 80],
            "e": [10, 10]
          }, {
            "i": {
              "x": [0.271, 0.271],
              "y": [1, 1]
            },
            "o": {
              "x": [0.294, 0.294],
              "y": [-0.017, -0.017]
            },
            "n": ["0p271_1_0p294_-0p017", "0p271_1_0p294_-0p017"],
            "t": 34,
            "s": [10, 10],
            "e": [80, 80]
          }, {
            "i": {
              "x": [0.112, 0.112],
              "y": [1.017, 1.017]
            },
            "o": {
              "x": [0.333, 0.333],
              "y": [0, 0]
            },
            "n": ["0p112_1p017_0p333_0", "0p112_1p017_0p333_0"],
            "t": 42,
            "s": [80, 80],
            "e": [10, 10]
          }, {
            "t": 50
          }],
          "ix": 3
        },
        "r": {
          "a": 0,
          "k": 0,
          "ix": 6
        },
        "o": {
          "a": 0,
          "k": 100,
          "ix": 7
        },
        "sk": {
          "a": 0,
          "k": 0,
          "ix": 4
        },
        "sa": {
          "a": 0,
          "k": 0,
          "ix": 5
        },
        "nm": "Transform"
      }],
      "nm": "Ellipse 1",
      "np": 3,
      "cix": 2,
      "ix": 1,
      "mn": "ADBE Vector Group",
      "hd": false
    }],
    "ip": 0,
    "op": 125,
    "st": 0,
    "bm": 0
  }],
  "markers": []
}
