 [
  {
  "featureType": "administrative",
  "elementType": "labels.text.fill",
  "stylers": [
              {
              "color": "#444444"
              }
              ]
  },
  {
  "featureType": "administrative.locality",
  "elementType": "labels",
  "stylers": [
              {
              "visibility": "off"
              }
              ]
  },
  {
  "featureType": "administrative.neighborhood",
  "elementType": "labels",
  "stylers": [
              {
              "visibility": "off"
              }
              ]
  },
  {
  "featureType": "landscape",
  "stylers": [
              {
              "color": "#f2f2f2"
              }
              ]
  },
  {
  "featureType": "poi",
  "stylers": [
              {
              "visibility": "off"
              }
              ]
  },
  {
  "featureType": "road",
  "stylers": [
              {
              "saturation": -100
              },
              {
              "lightness": 45
              }
              ]
  },
  {
  "featureType": "road",
  "elementType": "labels",
  "stylers": [
              {
              "color": "#929292"
              },
              {
              "visibility": "simplified"
              }
              ]
  },
  {
  "featureType": "road.arterial",
  "elementType": "labels.icon",
  "stylers": [
              {
              "visibility": "off"
              }
              ]
  },
  {
  "featureType": "road.highway",
  "stylers": [
              {
              "visibility": "simplified"
              }
              ]
  },
  {
  "featureType": "road.highway",
  "elementType": "labels.icon",
  "stylers": [
              {
              "visibility": "off"
              }
              ]
  },
  {
  "featureType": "road.local",
  "elementType": "geometry.fill",
  "stylers": [
              {
              "color": "#feffff"
              }
              ]
  },
  {
  "featureType": "road.local",
  "elementType": "labels",
  "stylers": [
              {
              "visibility": "simplified"
              }
              ]
  },
  {
  "featureType": "water",
  "stylers": [
              {
              "color": "#cccccc"
              },
              {
              "visibility": "on"
              }
              ]
  }
  ]
