{
  "report_types": [
    {
      "title": "CMA",
      "subtypes": [
        {
          "title": "Sales",
          "value": {
            "report_key": "sales_cma",
            "api_key": "cma"
          }
        },
        {
          "title": "Rentals",
          "value": {
            "report_key": "rental_cma",
            "api_key": "cma"
          }
        }
      ]
    },
    {
      "title": "Show Sheet",
      "value": {
        "report_key": "show_sheet",
        "api_key": "showsheet"
      }
    },
    {
      "title": "Listing Report",
      "subtypes": [
        {
          "title": "Short",
          "value": {
            "report_key": "short_listing_report",
            "api_key": "short_listing_report"
          }
        },
        {
          "title": "Medium",
          "value": {
            "report_key": "medium_listing_report",
            "api_key": "medium_listing_report"
          }
        },
        {
          "title": "Long",
          "value": {
            "report_key": "long_listing_report",
            "api_key": "long_listing_report"
          }
        }
      ]
    },
    {
      "title": "Itinerary Report",
      "value": {
        "report_key": "itinerary_report",
        "api_key": "itinerary_report"
      }
    },
    {
      "title": "Media Report",
      "value": {
        "report_key": "media_report",
        "api_key": "media_report"
      }
    }
  ],
  "report_data": {
    "sales_cma": {
      "title": "CMA",
      "allowed_for_individual_listing": true,
      "forms": {
        "listing_table": {
          "status_groups": true,
          "permitted_record_types": [
            "sales",
            "building"
          ],
          "has_subject_property": true,
          "has_tag_selection": true,
          "shown_for_individual_listing": true,
          "instructions": "Tap and hold to drag and order listings."
        },
        "additional_options": {
          "instructions": "Select report layout and fields and generate your report",
          "elements": [
            {
              "element_class": "text",
              "ui_type": "single-line",
              "label": "Prepared For",
              "placeholder": "Type client’s name here",
              "format": {
                "type": "string"
              },
              "required": false,
              "key": "prepared_f"
            },
            {
              "element_class": "radio-with-subselection",
              "ui_type": "open",
              "label": "Layout",
              "selections": [
                {
                  "label": "Landscape",
                  "value": "landscape",
                  "default": true,
                  "sub_element": {
                    "element_class": "multi-select",
                    "label": "Select Fields to Show on Report",
                    "key": "selected_columns",
                    "selections": [
                      {
                        "label": "Original Price",
                        "value": "original_price"
                      },
                      {
                        "label": "Price Change",
                        "value": "percent_change"
                      },
                      {
                        "label": "Rooms",
                        "value": "rooms"
                      },
                      {
                        "label": "Beds",
                        "value": "beds",
                        "default": true
                      }
                    ]
                  }
                },
                {
                  "label": "Portrait",
                  "value": "portrait",
                  "sub_element": {
                    "element_class": "multi-select",
                    "label": "Select Fields to Show on Report",
                    "key": "selected_columns",
                    "selections": [
                      {
                        "label": "Original Price",
                        "value": "original_price"
                      },
                      {
                        "label": "Price Change",
                        "value": "percent_change"
                      },
                      {
                        "label": "Rooms",
                        "value": "rooms"
                      },
                      {
                        "label": "Beds",
                        "value": "beds",
                        "default": true
                      }
                    ]
                  }
                }
              ],
              "key": "layout"
            },
            {
                "element_class": "text",
                "ui_type": "date-picker",
                "label": "Appointment Date",
                "placeholder": "Tap here to select a date",
                "format": {
                    "type": "date"
                },
                "required": false,
                "key": "appointment_date"
            },
            {
                "element_class": "text",
                "ui_type": "time-picker",
                "label": "Appointment Time",
                "placeholder": "Tap here to select time",
                "format": {
                    "type": "time"
                },
                "required": false,
                "key": "appointment_time"
            },
            {
                "element_class": "multi-select",
                "format": "multi-key",
                "label": "Options",
                "key": "",
                "selections": [
                    {
                        "label": "Exact Address",
                        "key": "exact_address",
                        "value": "1"
                    },
                    {
                        "label": "Listing Agent Info",
                        "key": "listing_agent_info",
                        "value": "1"
                    }
                ]
            }
          ]
        },
        "subject_property": {
          "title": "Add Subject Property",
          "elements": [
            {
              "element_class": "text",
              "ui_type": "single-line",
              "label": "Address",
              "placeholder": "Enter the building address",
              "format": {
                "type": "string"
              },
              "required": false,
              "key": "address",
              "max": 250
            },
            {
              "element_class": "text",
              "ui_type": "single-line",
              "label": "Unit",
              "placeholder": "Enter the unit number",
              "format": {
                "type": "string"
              },
              "required": true,
              "key": "unit_number",
              "max": 25
            },
            {
              "element_class": "text",
              "ui_type": "single-line",
              "label": "Price",
              "placeholder": "$",
              "format": {
                "type": "money",
                "decimal_places": 2,
                "prefix": "$"
              },
              "required": true,
              "key": "listing_price"
            },
            {
              "element_class": "text",
              "ui_type": "single-line",
              "label": "Rooms",
              "placeholder": "Number of total rooms",
              "format": {
                "type": "integer"
              },
              "key": "num_rooms",
              "max": 99
            },
            {
              "element_class": "text",
              "ui_type": "single-line",
              "label": "Bathrooms",
              "placeholder": "Use .5 for half baths",
              "format": {
                "type": "float",
                "decimal_places": 2
              },
              "key": "num_bathrooms",
              "max": 99
            },
            {
              "element_class": "text",
              "ui_type": "single-line",
              "label": "Bedrooms",
              "placeholder": "# of bedrooms",
              "format": {
                "type": "integer"
              },
              "key": "num_bedrooms",
              "max": 99
            },
            {
              "element_class": "text",
              "ui_type": "single-line",
              "label": "Square Feet",
              "placeholder": "Property square footage",
              "format": {
                "type": "integer"
              },
              "key": "sqft",
              "max": 99999
            },
            {
              "element_class": "text",
              "ui_type": "single-line",
              "label": "RE Taxes",
              "placeholder": "$/month",
              "format": {
                "type": "money",
                "decimal_places": 0,
                "prefix": "$"
              },
              "key": "property_taxes",
              "listing_types": [
                "sale"
              ]
            },
            {
              "element_class": "text",
              "ui_type": "single-line",
              "label": "Maintenance/Common Charges",
              "placeholder": "$/month",
              "format": {
                "type": "money",
                "decimal_places": 0,
                "prefix": "$"
              },
              "key": "maint_cc",
              "listing_types": [
                "sale"
              ]
            },
            {
              "element_class": "radio",
              "ui_type": "collapsible",
              "label": "Property Type",
              "placeholder": "Select a property type",
              "selections": [
                {
                  "label": "Condo",
                  "value": 540
                },
                {
                  "label": "Co-op",
                  "value": 550
                },
                {
                  "label": "Condop",
                  "value": 530
                },
                {
                  "label": "Single Family Townhouse",
                  "value": 560
                },
                {
                  "label": "Mixed-Use Townhouse",
                  "value": 570
                },
                {
                  "label": "Multi-Family Townhouse",
                  "value": 580
                },
                {
                  "label": "Rental",
                  "value": 400
                }
              ],
              "key": "property_type_code"
            },
            {
              "element_class": "boolean",
              "label": "Building Doorman",
              "key": "building_doorman"
            },
            {
              "element_class": "boolean",
              "label": "Outdoor Space",
              "key": "outdoor_y_n"
            },
            {
              "element_class": "radio",
              "ui_type": "collapsible",
              "label": "Outdoor",
              "placeholder": "Select a type",
              "selections": [
                {
                  "label": "Terrace",
                  "value": "Terrace"
                },
                {
                  "label": "Balcony",
                  "value": "Balcony"
                }
              ],
              "key": "outdoor_t_or_b"
            },
            {
              "element_class": "text",
              "ui_type": "single-line",
              "label": "Days on Market",
              "placeholder": "# of days",
              "format": {
                "type": "integer"
              },
              "key": "days_on_market"
            },
            {
              "element_class": "text",
              "ui_type": "single-line",
              "label": "Building Size",
              "placeholder": "10 x 10",
              "format": {
                "type": "string"
              },
              "key": "building_size"
            },
            {
              "element_class": "text",
              "ui_type": "single-line",
              "label": "Lot Size",
              "placeholder": "10 x 10",
              "format": {
                "type": "string"
              },
              "key": "lot_size"
            }
          ]
        },
        "generate_report": {
          "instructions": "Email, print or download report",
          "elements": [
            {
              "element_class": "text",
              "ui_type": "tag-bubble",
              "label": "Emails",
              "placeholder": "Add email",
              "format": {
                "type": "email"
              },
              "required": true,
              "key": "email",
              "max": 1
            },
            {
              "element_class": "text",
              "ui_type": "full-line",
              "label": "Subject",
              "placeholder": "Check out these listings you may like!",
              "format": {
                "type": "string"
              },
              "required": false,
              "key": "subject",
              "max": 400
            },
            {
              "element_class": "text",
              "ui_type": "multi-line",
              "label": "Message",
              "placeholder": "Write message here. You'll be copied on the email.",
              "format": {
                "type": "string"
              },
              "required": false,
              "key": "message",
              "max": 600
            }
          ]
        }
      }
    },
    "rental_cma": {
      "title": "CMA",
      "allowed_for_individual_listing": true,
      "forms": {
        "listing_table": {
          "status_groups": true,
          "permitted_record_types": [
              "rentals",
              "building"
          ],
          "has_subject_property": true,
          "has_tag_selection": true,
          "shown_for_individual_listing": true,
          "instructions": "Tap and hold to drag and order listings."
        },
        "additional_options": {
          "instructions": "Select report layout and fields and generate your report",
          "elements": [
            {
              "element_class": "text",
              "ui_type": "single-line",
              "label": "Prepared For",
              "placeholder": "Type client’s name here",
              "format": {
                "type": "string"
              },
              "required": false,
              "key": "prepared_f"
            },
            {
              "element_class": "radio-with-subselection",
              "ui_type": "open",
              "label": "Layout",
              "selections": [
                {
                  "label": "Landscape",
                  "value": "landscape",
                  "default": true,
                  "sub_element": {
                    "element_class": "multi-select",
                    "label": "Select Fields to Show on Report",
                    "key": "selected_columns",
                    "selections": [
                      {
                        "label": "Original Price",
                        "value": "original_price"
                      },
                      {
                        "label": "Price Change",
                        "value": "percent_change"
                      },
                      {
                        "label": "Rooms",
                        "value": "rooms"
                      },
                      {
                        "label": "Beds",
                        "value": "beds",
                        "default": true
                      }
                    ]
                  }
                },
                {
                  "label": "Portrait",
                  "value": "portrait",
                  "sub_element": {
                    "element_class": "multi-select",
                    "label": "Select Fields to Show on Report",
                    "key": "selected_columns",
                    "selections": [
                      {
                        "label": "Original Price",
                        "value": "original_price"
                      },
                      {
                        "label": "Price Change",
                        "value": "percent_change"
                      },
                      {
                        "label": "Rooms",
                        "value": "rooms"
                      },
                      {
                        "label": "Beds",
                        "value": "beds",
                        "default": true
                      }
                    ]
                  }
                }
              ],
              "key": "layout"
            }
          ]
        },
        "subject_property": {
          "title": "Add Subject Property",
          "elements": [
            {
              "element_class": "text",
              "ui_type": "single-line",
              "label": "Address",
              "placeholder": "Enter the building address",
              "format": {
                "type": "string"
              },
              "required": false,
              "key": "address",
              "max": 250
            },
            {
              "element_class": "text",
              "ui_type": "single-line",
              "label": "Unit",
              "placeholder": "Enter the unit number",
              "format": {
                "type": "string"
              },
              "required": true,
              "key": "unit_number",
              "max": 25
            },
            {
              "element_class": "text",
              "ui_type": "single-line",
              "label": "Price",
              "placeholder": "$",
              "format": {
                "type": "money",
                "decimal_places": 2,
                "prefix": "$"
              },
              "required": true,
              "key": "listing_price"
            },
            {
              "element_class": "text",
              "ui_type": "single-line",
              "label": "Rooms",
              "placeholder": "Number of total rooms",
              "format": {
                "type": "integer"
              },
              "key": "num_rooms",
              "max": 99
            },
            {
              "element_class": "text",
              "ui_type": "single-line",
              "label": "Bathrooms",
              "placeholder": "Use .5 for half baths",
              "format": {
                "type": "float",
                "decimal_places": 2
              },
              "key": "num_bathrooms",
              "max": 99
            },
            {
              "element_class": "text",
              "ui_type": "single-line",
              "label": "Bedrooms",
              "placeholder": "# of bedrooms",
              "format": {
                "type": "integer"
              },
              "key": "num_bedrooms",
              "max": 99
            },
            {
              "element_class": "text",
              "ui_type": "single-line",
              "label": "Square Feet",
              "placeholder": "Property square footage",
              "format": {
                "type": "integer"
              },
              "key": "sqft",
              "max": 99999
            },
            {
              "element_class": "text",
              "ui_type": "single-line",
              "label": "RE Taxes",
              "placeholder": "$/month",
              "format": {
                "type": "money",
                "decimal_places": 0,
                "prefix": "$"
              },
              "key": "property_taxes",
              "listing_types": [
                "sale"
              ]
            },
            {
              "element_class": "text",
              "ui_type": "single-line",
              "label": "Maintenance/Common Charges",
              "placeholder": "$/month",
              "format": {
                "type": "money",
                "decimal_places": 0,
                "prefix": "$"
              },
              "key": "maint_cc",
              "listing_types": [
                "sale"
              ]
            },
            {
              "element_class": "radio",
              "ui_type": "collapsible",
              "label": "Property Type",
              "placeholder": "Select a property type",
              "selections": [
                {
                  "label": "Condo",
                  "value": 540
                },
                {
                  "label": "Co-op",
                  "value": 550
                },
                {
                  "label": "Condop",
                  "value": 530
                },
                {
                  "label": "Single Family Townhouse",
                  "value": 560
                },
                {
                  "label": "Mixed-Use Townhouse",
                  "value": 570
                },
                {
                  "label": "Multi-Family Townhouse",
                  "value": 580
                },
                {
                  "label": "Rental",
                  "value": 400
                }
              ],
              "key": "property_type_code"
            },
            {
              "element_class": "boolean",
              "label": "Building Doorman",
              "key": "building_doorman"
            },
            {
              "element_class": "boolean",
              "label": "Outdoor Space",
              "key": "outdoor_y_n"
            },
            {
              "element_class": "radio",
              "ui_type": "collapsible",
              "label": "Outdoor",
              "placeholder": "Select a type",
              "selections": [
                {
                  "label": "Terrace",
                  "value": "Terrace"
                },
                {
                  "label": "Balcony",
                  "value": "Balcony"
                }
              ],
              "key": "outdoor_t_or_b"
            },
            {
              "element_class": "text",
              "ui_type": "single-line",
              "label": "Days on Market",
              "placeholder": "# of days",
              "format": {
                "type": "integer"
              },
              "key": "days_on_market"
            },
            {
              "element_class": "text",
              "ui_type": "single-line",
              "label": "Building Size",
              "placeholder": "10 x 10",
              "format": {
                "type": "string"
              },
              "key": "building_size"
            },
            {
              "element_class": "text",
              "ui_type": "single-line",
              "label": "Lot Size",
              "placeholder": "10 x 10",
              "format": {
                "type": "string"
              },
              "key": "lot_size"
            }
          ]
        },
        "generate_report": {
          "instructions": "Email, print or download report",
          "elements": [
            {
              "element_class": "text",
              "ui_type": "tag-bubble",
              "label": "Emails",
              "placeholder": "Add email",
              "format": {
                "type": "email"
              },
              "required": true,
              "key": "email",
              "max": 1
            },
            {
              "element_class": "text",
              "ui_type": "full-line",
              "label": "Subject",
              "placeholder": "Check out these listings you may like!",
              "format": {
                "type": "string"
              },
              "required": false,
              "key": "subject",
              "max": 400
            },
            {
              "element_class": "text",
              "ui_type": "multi-line",
              "label": "Message",
              "placeholder": "Write message here. You'll be copied on the email.",
              "format": {
                "type": "string"
              },
              "required": false,
              "key": "message",
              "max": 600
            }
          ]
        }
      }
    },
    "show_sheet": {
      "title": "Show Sheet",
      "allowed_for_individual_listing": true,
      "forms": {
        "listing_table": {
          "status_groups": false,
          "allows_editing": true,
          "shown_for_individual_listing": true,
          "instructions": "Click a listing to customize the show sheet. Drag to order listings."
        },
        "listing_edit": {
          "title": "Edit Show Sheet",
          "shown_for_individual_listing": true,
          "elements": [
            {
              "element_class": "text",
              "ui_type": "multi-line",
              "label": "Description",
              "placeholder": "Listing description",
              "populated_by_key": "property.marketing_description",
              "format": {
                "type": "string"
              },
              "required": false,
              "key": "description",
              "max": 2000
            },
            {
              "element_class": "photo-selector",
              "ui_type": "half-width",
              "label": "Photo",
              "placeholder": "Tap to select. Drag from circle to order photos.",
              "populated_by_key": "property.images_without_floorplans",
              "key": "images",
              "max": 9
            },
            {
              "element_class": "photo-selector",
              "ui_type": "full-width",
              "label": "Floorplan",
              "placeholder": "Tap to select. Drag from circle to order floorplans.",
              "populated_by_key": "property.floorplans",
              "key": "floorplans",
              "max": 2
            }
          ]
        },
        "additional_options": {
          "instructions": "Additional show sheet options for selected listings",
          "elements": [
            {
              "element_class": "text",
              "ui_type": "single-line",
              "label": "Appointment Date",
              "placeholder": "Tap here to select a date",
              "format": {
                "type": "date"
              },
              "required": false,
              "key": "appointment_date"
            },
            {
              "element_class": "text",
              "ui_type": "single-line",
              "label": "Appointment Time",
              "placeholder": "Tap here to select time",
              "format": {
                "type": "time"
              },
              "required": false,
              "key": "appointment_time"
            },
            {
              "element_class": "multi-select",
              "format": "multi-key",
              "label": "Options",
              "key": "",
              "selections": [
                {
                  "label": "Exact Address",
                  "key": "exact_address",
                  "value": "1"
                },
                {
                  "label": "Listing Agent Info",
                  "key": "listing_agent_info",
                  "value": "1"
                }
              ]
            }
          ]
        },
        "generate_report": {
          "instructions": "Email, print or download report",
          "elements": [
            {
              "element_class": "text",
              "ui_type": "tag-bubble",
              "label": "Emails",
              "placeholder": "Add email",
              "format": {
                "type": "email"
              },
              "required": true,
              "key": "email",
              "max": 1
            },
            {
              "element_class": "text",
              "ui_type": "full-line",
              "label": "Subject",
              "placeholder": "Check out these listings you may like!",
              "format": {
                "type": "string"
              },
              "required": false,
              "key": "subject",
              "max": 400
            },
            {
              "element_class": "text",
              "ui_type": "multi-line",
              "label": "Message",
              "placeholder": "Write message here. You'll be copied on the email.",
              "format": {
                "type": "string"
              },
              "required": false,
              "key": "message",
              "max": 600
            }
          ]
        }
      }
    },
    "medium_listing_report": {
      "title": "Listing Report",
      "allowed_for_individual_listing": false,
      "forms": {
        "listing_table": {
          "status_groups": false,
          "allows_editing": false,
          "instructions": "Click a listing to customize the show sheet. Drag to order listings."
        },
        "additional_options": {
          "instructions": "Additional show sheet options for selected listings",
          "elements": [
            {
              "element_class": "text",
              "ui_type": "single-line",
              "label": "Report Label",
              "placeholder": "Enter a report label",
              "format": {
                "type": "string"
              },
              "required": false,
              "key": "label"
            },
            {
              "element_class": "multi-select",
              "format": "multi-key",
              "label": "Options",
              "key": "",
              "selections": [
                {
                  "label": "Exact Address",
                  "key": "exact_address",
                  "value": "1"
                },
                {
                  "label": "Listing Agent Info",
                  "key": "listing_agent_info",
                  "value": "1"
                }
              ]
            }
          ]
        },
        "generate_report": {
          "instructions": "Email, print or download report",
          "elements": [
            {
              "element_class": "text",
              "ui_type": "tag-bubble",
              "label": "Emails",
              "placeholder": "Add email",
              "format": {
                "type": "email"
              },
              "required": true,
              "key": "email",
              "max": 1
            },
            {
              "element_class": "text",
              "ui_type": "full-line",
              "label": "Subject",
              "placeholder": "Check out these listings you may like!",
              "format": {
                "type": "string"
              },
              "required": false,
              "key": "subject",
              "max": 400
            },
            {
              "element_class": "text",
              "ui_type": "multi-line",
              "label": "Message",
              "placeholder": "Write message here. You'll be copied on the email.",
              "format": {
                "type": "string"
              },
              "required": false,
              "key": "message",
              "max": 600
            }
          ]
        }
      }
    },
    "media_report": {
      "title": "Media Report",
      "allowed_for_individual_listing": true,
      "forms": {
        "listing_table": {
          "status_groups": false,
          "allows_editing": true,
          "shown_for_individual_listing": false,
          "instructions": "Click a listing to customize the show sheet. Drag to order listings."
        },
        "listing_edit": {
          "title": "Edit Show Sheet",
          "shown_for_individual_listing": true,
          "elements": [
            {
              "element_class": "text",
              "ui_type": "multi-line",
              "label": "Description",
              "placeholder": "Listing description",
              "populated_by_key": "property.description",
              "format": {
                "type": "string"
              },
              "required": false,
              "key": "description",
              "max": 2000
            },
            {
              "element_class": "photo-selector",
              "ui_type": "half-width",
              "label": "Photo",
              "placeholder": "Tap to select. Drag from circle to order photos.",
              "populated_by_key": "property.images_without_floorplans",
              "key": "images",
              "max": 9
            },
            {
              "element_class": "photo-selector",
              "ui_type": "full-width",
              "label": "Floorplan",
              "placeholder": "Tap to select. Drag from circle to order floorplans.",
              "populated_by_key": "property.floorplans",
              "key": "floorplans",
              "max": 2
            }
          ]
        },
        "additional_options": {
          "instructions": "Additional show sheet options for selected listings",
          "elements": [
            {
              "element_class": "text",
              "ui_type": "date-picker",
              "label": "Appointment Date",
              "placeholder": "Tap here to select a date",
              "format": {
                "type": "date"
              },
              "required": false,
              "key": "appointment_date"
            },
            {
              "element_class": "text",
              "ui_type": "time-picker",
              "label": "Appointment Time",
              "placeholder": "Tap here to select time",
              "format": {
                "type": "time"
              },
              "required": false,
              "key": "appointment_time"
            },
            {
              "element_class": "multi-select",
              "format": "multi-key",
              "label": "Options",
              "key": "",
              "selections": [
                {
                  "label": "Exact Address",
                  "key": "exact_address",
                  "value": "1"
                },
                {
                  "label": "Listing Agent Info",
                  "key": "listing_agent_info",
                  "value": "1"
                }
              ]
            }
          ]
        },
        "generate_report": {
          "instructions": "Email, print or download report",
          "elements": [
            {
              "element_class": "text",
              "ui_type": "tag-bubble",
              "label": "Emails",
              "placeholder": "Add email",
              "format": {
                "type": "email"
              },
              "required": true,
              "key": "email",
              "max": 1
            },
            {
              "element_class": "text",
              "ui_type": "full-line",
              "label": "Subject",
              "placeholder": "Check out these listings you may like!",
              "format": {
                "type": "string"
              },
              "required": false,
              "key": "subject",
              "max": 400
            },
            {
              "element_class": "text",
              "ui_type": "multi-line",
              "label": "Message",
              "placeholder": "Write message here. You'll be copied on the email.",
              "format": {
                "type": "string"
              },
              "required": false,
              "key": "message",
              "max": 600
            }
          ]
        }
      }
    }
  }
}
