[
  {
    "page": 1,
    "total_pages": 77,
    "total_entries": 2289
  },
  [
    {
      "must_have_rooftop": "No",
      "must_have_pool": "No",
      "must_have_garage": "Yes",
      "must_have_building_laundry": "No",
      "must_have_gym": "No",
      "must_allow_pets": "No",
      "must_be_prewar": "No",
      "must_have_elevator": "No",
      "must_have_doorman": "No",
      "list_date": 194,
      "under_contract": "No",
      "must_have_unit_laundry": "No",
      "must_have_fireplace": "No",
      "must_have_outdoor_space": "No",
      "sqft": "13,567",
      "maintenance_fee": "N/A",
      "property_tax": "$12,511",
      "must_have_tax_benefit": "None",
      "listing_price_per_sqft": "$2,911",
      "listing_price_per_br": "$3,291,666",
      "favorite": true,
      "baths": "11",
      "beds": 12,
      "asking_price_to_perchprice_ratio": "0.96",
      "adjusted_price_per_sqft": "$3,032",
      "adjusted_price_per_br": "$3,428,150",
      "adjusted_price": "$41,137,804",
      "price": "$39,500,000",
      "property_type": "Townhouse",
      "nh": "Lenox Hill",
      "image_list": [
        "http://s3.amazonaws.com/babylon_prod/property_images/pictures/000/518/490/medium/57731_int_photo19162823.jpg?1424993578",
        "http://s3.amazonaws.com/babylon_prod/property_images/pictures/000/518/491/medium/57731_int_photo19162841.jpg?1424993579",
        "http://s3.amazonaws.com/babylon_prod/property_images/pictures/000/518/492/medium/57731_int_photo19162847.jpg?1424993580",
        "http://s3.amazonaws.com/babylon_prod/property_images/pictures/000/518/493/medium/57731_int_photo19162848.jpg?1424993581",
        "http://s3.amazonaws.com/babylon_prod/property_images/pictures/000/518/494/medium/57731_int_photo19162824.jpg?1424993582"
      ],
      "thumb_img": "http://s3.amazonaws.com/babylon_prod/property_images/pictures/000/518/490/thumb/57731_int_photo19162823.jpg?1424993578",
      "main_img": "http://s3.amazonaws.com/babylon_prod/property_images/pictures/000/518/490/medium/57731_int_photo19162823.jpg?1424993578",
      "link": "/property/120013-35-east-68-street",
      "address_with_unit": "35 East 68th Street",
      "address": "35 East 68th Street",
      "location": [
        40.769204,
        -73.966686
      ],
      "id": "120013"
    },
    {
      "must_have_rooftop": "No",
      "must_have_pool": "No",
      "must_have_garage": "Yes",
      "must_have_building_laundry": "No",
      "must_have_gym": "No",
      "must_allow_pets": "No",
      "must_be_prewar": "No",
      "must_have_elevator": "No",
      "must_have_doorman": "No",
      "list_date": 131,
      "under_contract": "No",
      "must_have_unit_laundry": "No",
      "must_have_fireplace": "No",
      "must_have_outdoor_space": "No",
      "sqft": "18,504",
      "maintenance_fee": "N/A",
      "property_tax": "$0",
      "must_have_tax_benefit": "None",
      "listing_price_per_sqft": "$2,269",
      "listing_price_per_br": "$3,818,181",
      "favorite": true,
      "baths": "11.5",
      "beds": 11,
      "asking_price_to_perchprice_ratio": "1.00",
      "adjusted_price_per_sqft": "$2,270",
      "adjusted_price_per_br": "$3,818,182",
      "adjusted_price": "$42,000,000",
      "price": "$42,000,000",
      "property_type": "Townhouse",
      "nh": "UES Above 72 to 86",
      "image_list": [],
      "thumb_img": "/assets/placeholders/100x100.png",
      "main_img": "/assets/placeholders/100x100.png",
      "link": "/property/131539-39-east-72-street",
      "address_with_unit": "39 East 72nd Street",
      "address": "39 East 72nd Street",
      "location": [
        40.771817,
        -73.964775
      ],
      "id": "131539"
    },
    {
      "must_have_rooftop": "No",
      "must_have_pool": "Yes",
      "must_have_garage": "Yes",
      "must_have_building_laundry": "Yes",
      "must_have_gym": "Yes",
      "must_allow_pets": "No",
      "must_be_prewar": "No",
      "must_have_elevator": "Yes",
      "must_have_doorman": "Yes",
      "list_date": 221,
      "under_contract": "No",
      "must_have_unit_laundry": "Yes",
      "must_have_fireplace": "No",
      "must_have_outdoor_space": "Yes",
      "sqft": "9,841",
      "maintenance_fee": "$16,583",
      "property_tax": "$17,252",
      "must_have_tax_benefit": "None",
      "listing_price_per_sqft": "$3,606",
      "listing_price_per_br": "$3,549,500",
      "favorite": false,
      "baths": "13.5",
      "beds": 10,
      "asking_price_to_perchprice_ratio": "0.86",
      "adjusted_price_per_sqft": "$4,204",
      "adjusted_price_per_br": "$4,137,155",
      "adjusted_price": "$41,371,553",
      "price": "$35,495,000",
      "property_type": "Condo",
      "nh": "Lincoln Square",
      "image_list": [
        "http://s3.amazonaws.com/babylon_prod/property_images/pictures/000/500/481/original/15398860?1421967743",
        "http://s3.amazonaws.com/babylon_prod/property_images/pictures/000/500/471/original/15398863?1421967731",
        "http://s3.amazonaws.com/babylon_prod/property_images/pictures/000/500/470/original/15398873?1421967730",
        "http://s3.amazonaws.com/babylon_prod/property_images/pictures/000/500/469/original/15398878?1421967728",
        "http://s3.amazonaws.com/babylon_prod/property_images/pictures/000/500/486/original/15399074?1421967749",
        "http://s3.amazonaws.com/babylon_prod/property_images/pictures/000/500/485/original/15398871?1421967748",
        "http://s3.amazonaws.com/babylon_prod/property_images/pictures/000/500/484/original/15398870?1421967747",
        "http://s3.amazonaws.com/babylon_prod/property_images/pictures/000/500/483/original/15398865?1421967746",
        "http://s3.amazonaws.com/babylon_prod/property_images/pictures/000/500/482/original/15398887?1421967745",
        "http://s3.amazonaws.com/babylon_prod/property_images/pictures/000/500/480/original/15398858?1421967742",
        "http://s3.amazonaws.com/babylon_prod/property_images/pictures/000/500/479/original/15398891?1421967740",
        "http://s3.amazonaws.com/babylon_prod/property_images/pictures/000/500/478/original/15398884?1421967739",
        "http://s3.amazonaws.com/babylon_prod/property_images/pictures/000/500/477/original/5383693?1421967738",
        "http://s3.amazonaws.com/babylon_prod/property_images/pictures/000/500/476/original/1923582?1421967737",
        "http://s3.amazonaws.com/babylon_prod/property_images/pictures/000/500/475/original/1923581?1421967736",
        "http://s3.amazonaws.com/babylon_prod/property_images/pictures/000/500/474/original/1923580?1421967734",
        "http://s3.amazonaws.com/babylon_prod/property_images/pictures/000/500/473/original/15398882?1421967733",
        "http://s3.amazonaws.com/babylon_prod/property_images/pictures/000/517/260/original/16144560?1424991833",
        "http://s3.amazonaws.com/babylon_prod/property_images/pictures/000/500/472/original/15398876?1421967732"
      ],
      "thumb_img": "http://s3.amazonaws.com/babylon_prod/property_images/pictures/000/500/481/original/15398860?1421967743",
      "main_img": "http://s3.amazonaws.com/babylon_prod/property_images/pictures/000/500/481/original/15398860?1421967743",
      "link": "/property/116832-240-riverside-blvd-ste1-ph3",
      "address_with_unit": "240 Riverside Boulevard #STE1/PH3",
      "address": "240 Riverside Boulevard #STE1/PH3",
      "location": [
        40.780306,
        -73.986926
      ],
      "id": "116832"
    },
    {
      "must_have_rooftop": "No",
      "must_have_pool": "No",
      "must_have_garage": "Yes",
      "must_have_building_laundry": "No",
      "must_have_gym": "No",
      "must_allow_pets": "No",
      "must_be_prewar": "No",
      "must_have_elevator": "No",
      "must_have_doorman": "No",
      "list_date": 167,
      "under_contract": "No",
      "must_have_unit_laundry": "No",
      "must_have_fireplace": "No",
      "must_have_outdoor_space": "No",
      "sqft": "6,400",
      "maintenance_fee": "N/A",
      "property_tax": "$92,278",
      "must_have_tax_benefit": "None",
      "listing_price_per_sqft": "$1,249",
      "listing_price_per_br": "$799,500",
      "favorite": false,
      "baths": "10",
      "beds": 10,
      "asking_price_to_perchprice_ratio": "0.40",
      "adjusted_price_per_sqft": "$3,137",
      "adjusted_price_per_br": "$2,007,503",
      "adjusted_price": "$20,075,029",
      "price": "$7,995,000",
      "property_type": "Townhouse",
      "nh": "Turtle Bay",
      "image_list": [
        "http://s3.amazonaws.com/babylon_prod/property_images/pictures/000/551/753/medium/58048_int_photo19359604.jpg?1426889672",
        "http://s3.amazonaws.com/babylon_prod/property_images/pictures/000/551/754/medium/58048_int_photo19359605.jpg?1426889673",
        "http://s3.amazonaws.com/babylon_prod/property_images/pictures/000/551/755/medium/58048_int_photo19359606.jpg?1426889674",
        "http://s3.amazonaws.com/babylon_prod/property_images/pictures/000/551/756/medium/58048_int_photo19359607.jpg?1426889675",
        "http://s3.amazonaws.com/babylon_prod/property_images/pictures/000/551/757/medium/58048_int_photo19359608.jpg?1426889676"
      ],
      "thumb_img": "http://s3.amazonaws.com/babylon_prod/property_images/pictures/000/551/753/thumb/58048_int_photo19359604.jpg?1426889672",
      "main_img": "http://s3.amazonaws.com/babylon_prod/property_images/pictures/000/551/753/medium/58048_int_photo19359604.jpg?1426889672",
      "link": "/property/125908-348-east-51-street",
      "address_with_unit": "348 East 51st Street",
      "address": "348 East 51st Street",
      "location": [
        40.754589,
        -73.966486
      ],
      "id": "125908"
    },
    {
      "must_have_rooftop": "No",
      "must_have_pool": "No",
      "must_have_garage": "Yes",
      "must_have_building_laundry": "No",
      "must_have_gym": "No",
      "must_allow_pets": "No",
      "must_be_prewar": "No",
      "must_have_elevator": "No",
      "must_have_doorman": "No",
      "list_date": 129,
      "under_contract": "No",
      "must_have_unit_laundry": "No",
      "must_have_fireplace": "No",
      "must_have_outdoor_space": "No",
      "sqft": "6,509",
      "maintenance_fee": "N/A",
      "property_tax": "$95,329",
      "must_have_tax_benefit": "None",
      "listing_price_per_sqft": "$1,152",
      "listing_price_per_br": "$750,000",
      "favorite": false,
      "baths": "3.5",
      "beds": 10,
      "asking_price_to_perchprice_ratio": "0.38",
      "adjusted_price_per_sqft": "$3,070",
      "adjusted_price_per_br": "$1,997,943",
      "adjusted_price": "$19,979,433",
      "price": "$7,500,000",
      "property_type": "Townhouse",
      "nh": "Lenox Hill",
      "image_list": [],
      "thumb_img": "/assets/placeholders/100x100.png",
      "main_img": "/assets/placeholders/100x100.png",
      "link": "/property/131540-327-east-65-street",
      "address_with_unit": "327 East 65th Street",
      "address": "327 East 65th Street",
      "location": [
        40.764053,
        -73.960284
      ],
      "id": "131540"
    },
    {
      "must_have_rooftop": "No",
      "must_have_pool": "No",
      "must_have_garage": "Yes",
      "must_have_building_laundry": "No",
      "must_have_gym": "No",
      "must_allow_pets": "No",
      "must_be_prewar": "No",
      "must_have_elevator": "No",
      "must_have_doorman": "No",
      "list_date": 355,
      "under_contract": "No",
      "must_have_unit_laundry": "No",
      "must_have_fireplace": "No",
      "must_have_outdoor_space": "No",
      "sqft": "10,000",
      "maintenance_fee": "N/A",
      "property_tax": "$2,222",
      "must_have_tax_benefit": "None",
      "listing_price_per_sqft": "$1,979",
      "listing_price_per_br": "$2,199,444",
      "favorite": false,
      "baths": "7.5",
      "beds": 9,
      "asking_price_to_perchprice_ratio": "0.99",
      "adjusted_price_per_sqft": "$2,009",
      "adjusted_price_per_br": "$2,231,764",
      "adjusted_price": "$20,085,880",
      "price": "$19,795,000",
      "property_type": "Townhouse",
      "nh": "UWS Above 72 to Morningside",
      "image_list": [
        "http://s3.amazonaws.com/babylon_prod/property_images/pictures/000/501/835/medium/55972_int_photo8836835.jpg?1422140611",
        "http://s3.amazonaws.com/babylon_prod/property_images/pictures/000/501/837/medium/55972_int_photo8836837.jpg?1422140614",
        "http://s3.amazonaws.com/babylon_prod/property_images/pictures/000/501/836/medium/55972_int_photo8836836.jpg?1422140612",
        "http://s3.amazonaws.com/babylon_prod/property_images/pictures/000/501/834/medium/55972_int_photo8836834.jpg?1422140609",
        "http://s3.amazonaws.com/babylon_prod/property_images/pictures/000/501/833/medium/55972_int_photo8836833.jpg?1422140608"
      ],
      "thumb_img": "http://s3.amazonaws.com/babylon_prod/property_images/pictures/000/501/835/thumb/55972_int_photo8836835.jpg?1422140611",
      "main_img": "http://s3.amazonaws.com/babylon_prod/property_images/pictures/000/501/835/medium/55972_int_photo8836835.jpg?1422140611",
      "link": "/property/102810-352-riverside-drive",
      "address_with_unit": "352 Riverside Drive",
      "address": "352 Riverside Drive",
      "location": [
        40.80311,
        -73.969136
      ],
      "id": "102810"
    },
    {
      "must_have_rooftop": "No",
      "must_have_pool": "No",
      "must_have_garage": "Yes",
      "must_have_building_laundry": "No",
      "must_have_gym": "No",
      "must_allow_pets": "No",
      "must_be_prewar": "No",
      "must_have_elevator": "No",
      "must_have_doorman": "No",
      "list_date": 98,
      "under_contract": "No",
      "must_have_unit_laundry": "No",
      "must_have_fireplace": "No",
      "must_have_outdoor_space": "No",
      "sqft": "6,050",
      "maintenance_fee": "N/A",
      "property_tax": "$40,516",
      "must_have_tax_benefit": "None",
      "listing_price_per_sqft": "$1,486",
      "listing_price_per_br": "$999,444",
      "favorite": false,
      "baths": "0",
      "beds": 9,
      "asking_price_to_perchprice_ratio": "0.63",
      "adjusted_price_per_sqft": "$2,363",
      "adjusted_price_per_br": "$1,588,768",
      "adjusted_price": "$14,298,913",
      "price": "$8,995,000",
      "property_type": "Townhouse",
      "nh": "Chelsea",
      "image_list": [],
      "thumb_img": "/assets/placeholders/100x100.png",
      "main_img": "/assets/placeholders/100x100.png",
      "link": "/property/135880-343-west-29-street",
      "address_with_unit": "343 WEST 29TH STREET",
      "address": "343 WEST 29TH STREET",
      "location": [
        40.750028,
        -73.997484
      ],
      "id": "135880"
    },
    {
      "must_have_rooftop": "No",
      "must_have_pool": "No",
      "must_have_garage": "Yes",
      "must_have_building_laundry": "No",
      "must_have_gym": "No",
      "must_allow_pets": "No",
      "must_be_prewar": "No",
      "must_have_elevator": "Yes",
      "must_have_doorman": "No",
      "list_date": 119,
      "under_contract": "No",
      "must_have_unit_laundry": "No",
      "must_have_fireplace": "No",
      "must_have_outdoor_space": "No",
      "sqft": "19,500",
      "maintenance_fee": "N/A",
      "property_tax": "$200,360",
      "must_have_tax_benefit": "None",
      "listing_price_per_sqft": "$4,102",
      "listing_price_per_br": "$10,000,000",
      "favorite": false,
      "baths": "10",
      "beds": 8,
      "asking_price_to_perchprice_ratio": "0.75",
      "adjusted_price_per_sqft": "$5,448",
      "adjusted_price_per_br": "$13,278,618",
      "adjusted_price": "$106,228,945",
      "price": "$80,000,000",
      "property_type": "Townhouse",
      "nh": "UES Above 72 to 86",
      "image_list": [],
      "thumb_img": "/assets/placeholders/100x100.png",
      "main_img": "/assets/placeholders/100x100.png",
      "link": "/property/131549-1009-5-avenue",
      "address_with_unit": "1009 Fifth Avenue",
      "address": "1009 Fifth Avenue",
      "location": [
        40.778722,
        -73.962078
      ],
      "id": "131549"
    },
    {
      "must_have_rooftop": "No",
      "must_have_pool": "No",
      "must_have_garage": "Yes",
      "must_have_building_laundry": "Yes",
      "must_have_gym": "No",
      "must_allow_pets": "Yes",
      "must_be_prewar": "No",
      "must_have_elevator": "Yes",
      "must_have_doorman": "Yes",
      "list_date": 354,
      "under_contract": "No",
      "must_have_unit_laundry": "Yes",
      "must_have_fireplace": "No",
      "must_have_outdoor_space": "Yes",
      "sqft": "8,100",
      "maintenance_fee": "$6,833",
      "property_tax": "$8,565",
      "must_have_tax_benefit": "None",
      "listing_price_per_sqft": "$4,506",
      "listing_price_per_br": "$4,562,500",
      "favorite": false,
      "baths": "0",
      "beds": 8,
      "asking_price_to_perchprice_ratio": "0.93",
      "adjusted_price_per_sqft": "$4,829",
      "adjusted_price_per_br": "$4,889,009",
      "adjusted_price": "$39,112,073",
      "price": "$36,500,000",
      "property_type": "Condo",
      "nh": "Lincoln Square",
      "image_list": [],
      "thumb_img": "/assets/placeholders/100x100.png",
      "main_img": "/assets/placeholders/100x100.png",
      "link": "/property/130398-1965-broadway-ph3bc",
      "address_with_unit": "1965 Broadway #PH3BC",
      "address": "1965 Broadway #PH3BC",
      "location": [
        40.774505,
        -73.982704
      ],
      "id": "130398"
    },
    {
      "must_have_rooftop": "No",
      "must_have_pool": "No",
      "must_have_garage": "Yes",
      "must_have_building_laundry": "Yes",
      "must_have_gym": "No",
      "must_allow_pets": "Yes",
      "must_be_prewar": "No",
      "must_have_elevator": "Yes",
      "must_have_doorman": "Yes",
      "list_date": 354,
      "under_contract": "No",
      "must_have_unit_laundry": "No",
      "must_have_fireplace": "No",
      "must_have_outdoor_space": "No",
      "sqft": "8,100",
      "maintenance_fee": "$6,833",
      "property_tax": "$8,565",
      "must_have_tax_benefit": "None",
      "listing_price_per_sqft": "$4,506",
      "listing_price_per_br": "$4,562,500",
      "favorite": false,
      "baths": "0",
      "beds": 8,
      "asking_price_to_perchprice_ratio": "0.93",
      "adjusted_price_per_sqft": "$4,829",
      "adjusted_price_per_br": "$4,889,009",
      "adjusted_price": "$39,112,073",
      "price": "$36,500,000",
      "property_type": "Condo",
      "nh": "Lincoln Square",
      "image_list": [
        "http://s3.amazonaws.com/babylon_prod/property_images/pictures/000/503/219/original/5f820dc6-5b1a-49c6-aa91-d0e081591794.jpg?1422313206",
        "http://s3.amazonaws.com/babylon_prod/property_images/pictures/000/503/220/original/d868d461-fa2f-4639-9186-c5f4c5d9519d.jpg?1422313207",
        "http://s3.amazonaws.com/babylon_prod/property_images/pictures/000/503/218/original/404915a3-3644-4f38-9498-130264cb1400.jpg?1422313206",
        "http://s3.amazonaws.com/babylon_prod/property_images/pictures/000/503/217/original/9bd4e8f9-34fe-4acf-ba08-fb302de3ca3a.jpg?1422313205",
        "http://s3.amazonaws.com/babylon_prod/property_images/pictures/000/503/216/original/702f0b4d-d595-4540-af87-f8f787738d3c.jpg?1422313204",
        "http://s3.amazonaws.com/babylon_prod/property_images/pictures/000/503/215/original/d5849472-bb98-4644-97e9-042f8deb786f.jpg?1422313203",
        "http://s3.amazonaws.com/babylon_prod/property_images/pictures/000/503/214/original/1eeaa3c3-1d62-49f6-af42-e7116029f87f.jpg?1422313203",
        "http://s3.amazonaws.com/babylon_prod/property_images/pictures/000/503/213/original/623a077d-04d0-433a-9118-a4fd3c62d6e1.jpg?1422313202",
        "http://s3.amazonaws.com/babylon_prod/property_images/pictures/000/503/212/original/c7d1a6c5-dd94-447e-9481-f327c485f16b.jpg?1422313201",
        "http://s3.amazonaws.com/babylon_prod/property_images/pictures/000/503/211/original/b6e358fc-a76e-416d-839b-14cf6f136a05.jpg?1422313200",
        "http://s3.amazonaws.com/babylon_prod/property_images/pictures/000/503/210/original/c7739458-c432-4171-bdd2-89e35723c12f.jpg?1422313200",
        "http://s3.amazonaws.com/babylon_prod/property_images/pictures/000/503/209/original/dac1aa8d-951a-4d25-9c51-92b5b9a23863.jpg?1422313199",
        "http://s3.amazonaws.com/babylon_prod/property_images/pictures/000/503/208/original/b16fb07b-0719-4cb5-9e62-27a47eccf6cd.jpg?1422313198",
        "http://s3.amazonaws.com/babylon_prod/property_images/pictures/000/503/207/original/d7c0af14-2493-4fbc-8f63-482ca9ff6736.jpg?1422313197",
        "http://s3.amazonaws.com/babylon_prod/property_images/pictures/000/503/206/original/b16fb07b-0719-4cb5-9e62-27a47eccf6cd.jpg?1422313197",
        "http://s3.amazonaws.com/babylon_prod/property_images/pictures/000/509/993/original/a8005b51-7319-4313-816c-71f030bd6e57.jpg?1423436288",
        "http://s3.amazonaws.com/babylon_prod/property_images/pictures/000/509/992/original/323d75f7-a773-4399-a9aa-ad37419c01a4.jpg?1423436287",
        "http://s3.amazonaws.com/babylon_prod/property_images/pictures/000/509/995/original/ccfe0e18-4de1-46e9-b598-d1956539c61d.jpg?1423436290",
        "http://s3.amazonaws.com/babylon_prod/property_images/pictures/000/509/994/original/35f66939-ec3c-43c6-9e5f-499bf630b57b.jpg?1423436289",
        "http://s3.amazonaws.com/babylon_prod/property_images/pictures/000/509/996/original/a6aa9e0d-dd75-445d-8116-3291bac5d0df.jpg?1423436291",
        "http://s3.amazonaws.com/babylon_prod/property_images/pictures/000/503/226/original/69baf440-d345-4abe-aad5-7d519a5d36f9.jpg?1422313212",
        "http://s3.amazonaws.com/babylon_prod/property_images/pictures/000/503/225/original/796909f7-44e4-4050-ba87-28ac44fcfcc5.jpg?1422313211",
        "http://s3.amazonaws.com/babylon_prod/property_images/pictures/000/503/224/original/1eaf90a6-5970-4f69-8f8a-32da7f521b05.jpg?1422313210",
        "http://s3.amazonaws.com/babylon_prod/property_images/pictures/000/503/223/original/e2b40422-76b4-4467-a098-4ff3940d0516.jpg?1422313209",
        "http://s3.amazonaws.com/babylon_prod/property_images/pictures/000/503/221/original/d769935a-2ed5-434a-a555-e23cc6ac8866.jpg?1422313208",
        "http://s3.amazonaws.com/babylon_prod/property_images/pictures/000/503/222/original/d7a1bcc5-fde2-49f7-9d1b-81b6e00868d3.jpg?1422313209"
      ],
      "thumb_img": "http://s3.amazonaws.com/babylon_prod/property_images/pictures/000/503/219/original/5f820dc6-5b1a-49c6-aa91-d0e081591794.jpg?1422313206",
      "main_img": "http://s3.amazonaws.com/babylon_prod/property_images/pictures/000/503/219/original/5f820dc6-5b1a-49c6-aa91-d0e081591794.jpg?1422313206",
      "link": "/property/117246-1965-broadway-ph3c",
      "address_with_unit": "1965 Broadway #PH3C",
      "address": "1965 Broadway #PH3C",
      "location": [
        40.774505,
        -73.982704
      ],
      "id": "117246"
    },
    {
      "must_have_rooftop": "No",
      "must_have_pool": "No",
      "must_have_garage": "Yes",
      "must_have_building_laundry": "No",
      "must_have_gym": "No",
      "must_allow_pets": "No",
      "must_be_prewar": "No",
      "must_have_elevator": "No",
      "must_have_doorman": "No",
      "list_date": 271,
      "under_contract": "No",
      "must_have_unit_laundry": "No",
      "must_have_fireplace": "No",
      "must_have_outdoor_space": "No",
      "sqft": "11,248",
      "maintenance_fee": "N/A",
      "property_tax": "$17,608",
      "must_have_tax_benefit": "None",
      "listing_price_per_sqft": "$3,111",
      "listing_price_per_br": "$4,375,000",
      "favorite": false,
      "baths": "8",
      "beds": 8,
      "asking_price_to_perchprice_ratio": "0.94",
      "adjusted_price_per_sqft": "$3,317",
      "adjusted_price_per_br": "$4,663,131",
      "adjusted_price": "$37,305,047",
      "price": "$35,000,000",
      "property_type": "Townhouse",
      "nh": "Lenox Hill",
      "image_list": [
        "http://s3.amazonaws.com/babylon_prod/property_images/pictures/000/479/893/original/0019815-3.jpg?1417820712",
        "http://s3.amazonaws.com/babylon_prod/property_images/pictures/000/479/899/original/0019815-9.jpg?1417820719",
        "http://s3.amazonaws.com/babylon_prod/property_images/pictures/000/479/898/original/0019815-8.jpg?1417820718",
        "http://s3.amazonaws.com/babylon_prod/property_images/pictures/000/479/897/original/0019815-7.jpg?1417820717",
        "http://s3.amazonaws.com/babylon_prod/property_images/pictures/000/479/896/original/0019815-6.jpg?1417820715",
        "http://s3.amazonaws.com/babylon_prod/property_images/pictures/000/479/895/original/0019815-5.jpg?1417820714",
        "http://s3.amazonaws.com/babylon_prod/property_images/pictures/000/479/894/original/0019815-4.jpg?1417820713",
        "http://s3.amazonaws.com/babylon_prod/property_images/pictures/000/479/892/original/0019815-2.jpg?1417820710",
        "http://s3.amazonaws.com/babylon_prod/property_images/pictures/000/479/900/original/0019815-1.jpg?1417820721",
        "http://s3.amazonaws.com/babylon_prod/property_images/pictures/000/479/891/original/0019815-1.jpg?1417820709"
      ],
      "thumb_img": "http://s3.amazonaws.com/babylon_prod/property_images/pictures/000/479/893/original/0019815-3.jpg?1417820712",
      "main_img": "http://s3.amazonaws.com/babylon_prod/property_images/pictures/000/479/893/original/0019815-3.jpg?1417820712",
      "link": "/property/112601-41-east-70-street",
      "address_with_unit": "41 East 70th Street",
      "address": "41 East 70th Street",
      "location": [
        40.770388,
        -73.965614
      ],
      "id": "112601"
    },
    {
      "must_have_rooftop": "No",
      "must_have_pool": "No",
      "must_have_garage": "Yes",
      "must_have_building_laundry": "No",
      "must_have_gym": "No",
      "must_allow_pets": "No",
      "must_be_prewar": "No",
      "must_have_elevator": "No",
      "must_have_doorman": "No",
      "list_date": 113,
      "under_contract": "No",
      "must_have_unit_laundry": "No",
      "must_have_fireplace": "No",
      "must_have_outdoor_space": "No",
      "sqft": "4,000",
      "maintenance_fee": "N/A",
      "property_tax": "$3,308",
      "must_have_tax_benefit": "None",
      "listing_price_per_sqft": "$2,248",
      "listing_price_per_br": "$1,124,375",
      "favorite": false,
      "baths": "5",
      "beds": 8,
      "asking_price_to_perchprice_ratio": "0.95",
      "adjusted_price_per_sqft": "$2,357",
      "adjusted_price_per_br": "$1,178,506",
      "adjusted_price": "$9,428,047",
      "price": "$8,995,000",
      "property_type": "Townhouse",
      "nh": "Chelsea",
      "image_list": [],
      "thumb_img": "/assets/placeholders/100x100.png",
      "main_img": "/assets/placeholders/100x100.png",
      "link": "/property/131554-426-west-22-street",
      "address_with_unit": "426 West 22nd Street",
      "address": "426 West 22nd Street",
      "location": [
        40.746019,
        -74.002826
      ],
      "id": "131554"
    },
    {
      "must_have_rooftop": "No",
      "must_have_pool": "No",
      "must_have_garage": "Yes",
      "must_have_building_laundry": "No",
      "must_have_gym": "No",
      "must_allow_pets": "No",
      "must_be_prewar": "No",
      "must_have_elevator": "No",
      "must_have_doorman": "No",
      "list_date": 92,
      "under_contract": "No",
      "must_have_unit_laundry": "No",
      "must_have_fireplace": "No",
      "must_have_outdoor_space": "No",
      "sqft": "4,648",
      "maintenance_fee": "N/A",
      "property_tax": "$48,036",
      "must_have_tax_benefit": "None",
      "listing_price_per_sqft": "$1,667",
      "listing_price_per_br": "$968,750",
      "favorite": false,
      "baths": "8",
      "beds": 8,
      "asking_price_to_perchprice_ratio": "0.55",
      "adjusted_price_per_sqft": "$3,020",
      "adjusted_price_per_br": "$1,754,794",
      "adjusted_price": "$14,038,349",
      "price": "$7,750,000",
      "property_type": "Townhouse",
      "nh": "UES Above 72 to 86",
      "image_list": [
        "http://s3.amazonaws.com/babylon_prod/property_images/pictures/000/580/254/medium/640x480.jpg?1438983530",
        "http://s3.amazonaws.com/babylon_prod/property_images/pictures/000/580/253/medium/640x480.jpg?1438983528",
        "http://s3.amazonaws.com/babylon_prod/property_images/pictures/000/580/252/medium/640x480.jpg?1438983527",
        "http://s3.amazonaws.com/babylon_prod/property_images/pictures/000/580/251/medium/640x480.jpg?1438983526",
        "http://s3.amazonaws.com/babylon_prod/property_images/pictures/000/580/250/medium/640x480.jpg?1438983524"
      ],
      "thumb_img": "http://s3.amazonaws.com/babylon_prod/property_images/pictures/000/580/254/thumb/640x480.jpg?1438983530",
      "main_img": "http://s3.amazonaws.com/babylon_prod/property_images/pictures/000/580/254/medium/640x480.jpg?1438983530",
      "link": "/property/132878-172-east-80-street",
      "address_with_unit": "172 East 80th Street",
      "address": "172 East 80th Street",
      "location": [
        40.775064,
        -73.957628
      ],
      "id": "132878"
    },
    {
      "must_have_rooftop": "No",
      "must_have_pool": "No",
      "must_have_garage": "Yes",
      "must_have_building_laundry": "No",
      "must_have_gym": "No",
      "must_allow_pets": "No",
      "must_be_prewar": "No",
      "must_have_elevator": "No",
      "must_have_doorman": "No",
      "list_date": 139,
      "under_contract": "No",
      "must_have_unit_laundry": "No",
      "must_have_fireplace": "No",
      "must_have_outdoor_space": "No",
      "sqft": "4,864",
      "maintenance_fee": "N/A",
      "property_tax": "$57,492",
      "must_have_tax_benefit": "None",
      "listing_price_per_sqft": "$1,439",
      "listing_price_per_br": "$875,000",
      "favorite": false,
      "baths": "8",
      "beds": 8,
      "asking_price_to_perchprice_ratio": "0.48",
      "adjusted_price_per_sqft": "$2,986",
      "adjusted_price_per_br": "$1,815,778",
      "adjusted_price": "$14,526,225",
      "price": "$7,000,000",
      "property_type": "Townhouse",
      "nh": "Murray Hill",
      "image_list": [],
      "thumb_img": "/assets/placeholders/100x100.png",
      "main_img": "/assets/placeholders/100x100.png",
      "link": "/property/131523-206-east-35-street",
      "address_with_unit": "206 East 35th Street",
      "address": "206 East 35th Street",
      "location": [
        40.745999,
        -73.977279
      ],
      "id": "131523"
    },
    {
      "must_have_rooftop": "No",
      "must_have_pool": "No",
      "must_have_garage": "Yes",
      "must_have_building_laundry": "No",
      "must_have_gym": "No",
      "must_allow_pets": "No",
      "must_be_prewar": "No",
      "must_have_elevator": "No",
      "must_have_doorman": "No",
      "list_date": 103,
      "under_contract": "No",
      "must_have_unit_laundry": "No",
      "must_have_fireplace": "No",
      "must_have_outdoor_space": "No",
      "sqft": "4,000",
      "maintenance_fee": "N/A",
      "property_tax": "$15,714",
      "must_have_tax_benefit": "None",
      "listing_price_per_sqft": "$687",
      "listing_price_per_br": "$343,750",
      "favorite": false,
      "baths": "6",
      "beds": 8,
      "asking_price_to_perchprice_ratio": "0.57",
      "adjusted_price_per_sqft": "$1,202",
      "adjusted_price_per_br": "$600,888",
      "adjusted_price": "$4,807,105",
      "price": "$2,750,000",
      "property_type": "Townhouse",
      "nh": "Washington Heights",
      "image_list": [],
      "thumb_img": "/assets/placeholders/100x100.png",
      "main_img": "/assets/placeholders/100x100.png",
      "link": "/property/135878-422-west-160-street",
      "address_with_unit": "422 West 160th Street",
      "address": "422 West 160th Street",
      "location": [
        40.833982,
        -73.939394
      ],
      "id": "135878"
    },
    {
      "must_have_rooftop": "No",
      "must_have_pool": "No",
      "must_have_garage": "Yes",
      "must_have_building_laundry": "No",
      "must_have_gym": "No",
      "must_allow_pets": "No",
      "must_be_prewar": "No",
      "must_have_elevator": "No",
      "must_have_doorman": "No",
      "list_date": 103,
      "under_contract": "No",
      "must_have_unit_laundry": "No",
      "must_have_fireplace": "No",
      "must_have_outdoor_space": "No",
      "sqft": "3,952",
      "maintenance_fee": "N/A",
      "property_tax": "$7,200",
      "must_have_tax_benefit": "None",
      "listing_price_per_sqft": "$695",
      "listing_price_per_br": "$343,750",
      "favorite": false,
      "baths": "6",
      "beds": 8,
      "asking_price_to_perchprice_ratio": "0.74",
      "adjusted_price_per_sqft": "$934",
      "adjusted_price_per_br": "$461,568",
      "adjusted_price": "$3,692,545",
      "price": "$2,750,000",
      "property_type": "Townhouse",
      "nh": "Washington Heights",
      "image_list": [
        "http://s3.amazonaws.com/babylon_prod/property_images/pictures/000/580/248/medium/58915_fp21906241.jpg?1438983522",
        "http://s3.amazonaws.com/babylon_prod/property_images/pictures/000/580/247/medium/58915_int_photo21890426.jpg?1438983521",
        "http://s3.amazonaws.com/babylon_prod/property_images/pictures/000/580/246/medium/58915_int_photo21890425.jpg?1438983520",
        "http://s3.amazonaws.com/babylon_prod/property_images/pictures/000/580/245/medium/58915_int_photo21890424.jpg?1438983519",
        "http://s3.amazonaws.com/babylon_prod/property_images/pictures/000/580/244/medium/58915_int_photo21890423.jpg?1438983517"
      ],
      "thumb_img": "http://s3.amazonaws.com/babylon_prod/property_images/pictures/000/580/248/thumb/58915_fp21906241.jpg?1438983522",
      "main_img": "http://s3.amazonaws.com/babylon_prod/property_images/pictures/000/580/248/medium/58915_fp21906241.jpg?1438983522",
      "link": "/property/131697-449-west-162-street",
      "address_with_unit": "449 West 162nd Street",
      "address": "449 West 162nd Street",
      "location": [
        40.835673,
        -73.938896
      ],
      "id": "131697"
    },
    {
      "must_have_rooftop": "No",
      "must_have_pool": "No",
      "must_have_garage": "Yes",
      "must_have_building_laundry": "No",
      "must_have_gym": "No",
      "must_allow_pets": "No",
      "must_be_prewar": "Yes",
      "must_have_elevator": "Yes",
      "must_have_doorman": "Yes",
      "list_date": 305,
      "under_contract": "No",
      "must_have_unit_laundry": "No",
      "must_have_fireplace": "No",
      "must_have_outdoor_space": "No",
      "sqft": "10,350",
      "maintenance_fee": "$20,605",
      "property_tax": "$13,633",
      "must_have_tax_benefit": "None",
      "listing_price_per_sqft": "$3,371",
      "listing_price_per_br": "$4,985,714",
      "favorite": false,
      "baths": "6",
      "beds": 7,
      "asking_price_to_perchprice_ratio": "0.85",
      "adjusted_price_per_sqft": "$3,979",
      "adjusted_price_per_br": "$5,882,903",
      "adjusted_price": "$41,180,320",
      "price": "$34,900,000",
      "property_type": "Condo",
      "nh": "Carnegie Hill",
      "image_list": [
        "http://s3.amazonaws.com/babylon_prod/property_images/pictures/000/460/595/medium/13119214?1415098354",
        "http://s3.amazonaws.com/babylon_prod/property_images/pictures/000/460/602/medium/13119226?1415098369",
        "http://s3.amazonaws.com/babylon_prod/property_images/pictures/000/460/601/medium/13119222?1415098367",
        "http://s3.amazonaws.com/babylon_prod/property_images/pictures/000/460/600/medium/13119219?1415098364",
        "http://s3.amazonaws.com/babylon_prod/property_images/pictures/000/460/599/medium/13119218?1415098362"
      ],
      "thumb_img": "http://s3.amazonaws.com/babylon_prod/property_images/pictures/000/460/595/thumb/13119214?1415098354",
      "main_img": "http://s3.amazonaws.com/babylon_prod/property_images/pictures/000/460/595/medium/13119214?1415098354",
      "link": "/property/108977-3-east-95-street-duplex",
      "address_with_unit": "3 East 95th Street #DUPLEX",
      "address": "3 East 95th Street #DUPLEX",
      "location": [
        40.787159,
        -73.95552
      ],
      "id": "108977"
    },
    {
      "must_have_rooftop": "No",
      "must_have_pool": "Yes",
      "must_have_garage": "Yes",
      "must_have_building_laundry": "No",
      "must_have_gym": "Yes",
      "must_allow_pets": "No",
      "must_be_prewar": "No",
      "must_have_elevator": "Yes",
      "must_have_doorman": "Yes",
      "list_date": 295,
      "under_contract": "No",
      "must_have_unit_laundry": "No",
      "must_have_fireplace": "No",
      "must_have_outdoor_space": "Yes",
      "sqft": "6,058",
      "maintenance_fee": "$7,763",
      "property_tax": "$430",
      "must_have_tax_benefit": "None",
      "listing_price_per_sqft": "$4,250",
      "listing_price_per_br": "$3,678,571",
      "favorite": false,
      "baths": "9",
      "beds": 7,
      "asking_price_to_perchprice_ratio": "0.94",
      "adjusted_price_per_sqft": "$4,539",
      "adjusted_price_per_br": "$3,928,577",
      "adjusted_price": "$27,500,036",
      "price": "$25,750,000",
      "property_type": "Condo",
      "nh": "Lincoln Square",
      "image_list": [
        "http://s3.amazonaws.com/babylon_prod/property_images/pictures/000/468/756/medium/13636525?1415920202",
        "http://s3.amazonaws.com/babylon_prod/property_images/pictures/000/468/755/medium/6850823?1415920200",
        "http://s3.amazonaws.com/babylon_prod/property_images/pictures/000/468/754/medium/6850822?1415920199",
        "http://s3.amazonaws.com/babylon_prod/property_images/pictures/000/468/753/medium/6850819?1415920198",
        "http://s3.amazonaws.com/babylon_prod/property_images/pictures/000/468/752/medium/6850815?1415920197"
      ],
      "thumb_img": "http://s3.amazonaws.com/babylon_prod/property_images/pictures/000/468/755/thumb/6850823?1415920200",
      "main_img": "http://s3.amazonaws.com/babylon_prod/property_images/pictures/000/468/755/medium/6850823?1415920200",
      "link": "/property/110179-50-riverside-blvd-21-22b",
      "address_with_unit": "50 Riverside Boulevard #21/22B",
      "address": "50 Riverside Boulevard #21/22B",
      "location": [
        40.773993,
        -73.991283
      ],
      "id": "110179"
    },
    {
      "must_have_rooftop": "No",
      "must_have_pool": "No",
      "must_have_garage": "Yes",
      "must_have_building_laundry": "No",
      "must_have_gym": "No",
      "must_allow_pets": "No",
      "must_be_prewar": "No",
      "must_have_elevator": "Yes",
      "must_have_doorman": "No",
      "list_date": 329,
      "under_contract": "No",
      "must_have_unit_laundry": "No",
      "must_have_fireplace": "No",
      "must_have_outdoor_space": "No",
      "sqft": "8,200",
      "maintenance_fee": "N/A",
      "property_tax": "$77,177",
      "must_have_tax_benefit": "None",
      "listing_price_per_sqft": "$2,926",
      "listing_price_per_br": "$3,428,571",
      "favorite": false,
      "baths": "6.5",
      "beds": 7,
      "asking_price_to_perchprice_ratio": "0.70",
      "adjusted_price_per_sqft": "$4,159",
      "adjusted_price_per_br": "$4,871,882",
      "adjusted_price": "$34,103,171",
      "price": "$24,000,000",
      "property_type": "Townhouse",
      "nh": "Lenox Hill",
      "image_list": [],
      "thumb_img": "/assets/placeholders/100x100.png",
      "main_img": "/assets/placeholders/100x100.png",
      "link": "/property/131515-111-east-65-street",
      "address_with_unit": "111 EAST 65TH STREET",
      "address": "111 EAST 65TH STREET",
      "location": [
        40.76659,
        -73.966293
      ],
      "id": "131515"
    },
    {
      "must_have_rooftop": "No",
      "must_have_pool": "No",
      "must_have_garage": "Yes",
      "must_have_building_laundry": "Yes",
      "must_have_gym": "No",
      "must_allow_pets": "Yes",
      "must_be_prewar": "No",
      "must_have_elevator": "Yes",
      "must_have_doorman": "Yes",
      "list_date": 28,
      "under_contract": "No",
      "must_have_unit_laundry": "No",
      "must_have_fireplace": "No",
      "must_have_outdoor_space": "Yes",
      "sqft": "4,172",
      "maintenance_fee": "$4,657",
      "property_tax": "$2,434",
      "must_have_tax_benefit": "421A expiring in 2022",
      "listing_price_per_sqft": "$3,114",
      "listing_price_per_br": "$1,856,428",
      "favorite": false,
      "baths": "6.5",
      "beds": 7,
      "asking_price_to_perchprice_ratio": "0.89",
      "adjusted_price_per_sqft": "$3,508",
      "adjusted_price_per_br": "$2,090,861",
      "adjusted_price": "$14,636,029",
      "price": "$12,995,000",
      "property_type": "Condo",
      "nh": "UWS Above 72 to Morningside",
      "image_list": [
        "http://s3.amazonaws.com/babylon_prod/property_images/pictures/000/577/505/medium/930734_fp82288514.jpg?1438979891",
        "http://s3.amazonaws.com/babylon_prod/property_images/pictures/000/577/504/medium/930734_int_photo82286932.jpg?1438979890",
        "http://s3.amazonaws.com/babylon_prod/property_images/pictures/000/577/503/medium/930734_int_photo82286931.jpg?1438979889",
        "http://s3.amazonaws.com/babylon_prod/property_images/pictures/000/577/502/medium/930734_int_photo82286930.jpg?1438979888",
        "http://s3.amazonaws.com/babylon_prod/property_images/pictures/000/577/501/medium/930734_int_photo82286929.jpg?1438979887"
      ],
      "thumb_img": "http://s3.amazonaws.com/babylon_prod/property_images/pictures/000/577/505/thumb/930734_fp82288514.jpg?1438979891",
      "main_img": "http://s3.amazonaws.com/babylon_prod/property_images/pictures/000/577/505/medium/930734_fp82288514.jpg?1438979891",
      "link": "/property/136773-2150-broadway-ph6c",
      "address_with_unit": "2150 Broadway #PH6C",
      "address": "2150 Broadway #PH6C",
      "location": [
        40.781316,
        -73.980664
      ],
      "id": "136773"
    },
    {
      "must_have_rooftop": "No",
      "must_have_pool": "No",
      "must_have_garage": "Yes",
      "must_have_building_laundry": "No",
      "must_have_gym": "No",
      "must_allow_pets": "No",
      "must_be_prewar": "No",
      "must_have_elevator": "Yes",
      "must_have_doorman": "No",
      "list_date": 77,
      "under_contract": "No",
      "must_have_unit_laundry": "No",
      "must_have_fireplace": "No",
      "must_have_outdoor_space": "No",
      "sqft": "8,000",
      "maintenance_fee": "N/A",
      "property_tax": "$0",
      "must_have_tax_benefit": "None",
      "listing_price_per_sqft": "$1,624",
      "listing_price_per_br": "$1,856,428",
      "favorite": false,
      "baths": "11",
      "beds": 7,
      "asking_price_to_perchprice_ratio": "1.00",
      "adjusted_price_per_sqft": "$1,624",
      "adjusted_price_per_br": "$1,856,429",
      "adjusted_price": "$12,995,000",
      "price": "$12,995,000",
      "property_type": "Townhouse",
      "nh": "UWS Above 72 to Morningside",
      "image_list": [],
      "thumb_img": "/assets/placeholders/100x100.png",
      "main_img": "/assets/placeholders/100x100.png",
      "link": "/property/135888-337-west-87-street",
      "address_with_unit": "337 WEST 87TH STREET",
      "address": "337 WEST 87TH STREET",
      "location": [
        40.790365,
        -73.978697
      ],
      "id": "135888"
    },
    {
      "must_have_rooftop": "No",
      "must_have_pool": "Yes",
      "must_have_garage": "Yes",
      "must_have_building_laundry": "No",
      "must_have_gym": "Yes",
      "must_allow_pets": "No",
      "must_be_prewar": "No",
      "must_have_elevator": "Yes",
      "must_have_doorman": "Yes",
      "list_date": 178,
      "under_contract": "No",
      "must_have_unit_laundry": "No",
      "must_have_fireplace": "No",
      "must_have_outdoor_space": "No",
      "sqft": "4,312",
      "maintenance_fee": "$4,640",
      "property_tax": "$3,283",
      "must_have_tax_benefit": "None",
      "listing_price_per_sqft": "$2,527",
      "listing_price_per_br": "$1,557,142",
      "favorite": false,
      "baths": "7.5",
      "beds": 7,
      "asking_price_to_perchprice_ratio": "0.88",
      "adjusted_price_per_sqft": "$2,862",
      "adjusted_price_per_br": "$1,763,163",
      "adjusted_price": "$12,342,138",
      "price": "$10,900,000",
      "property_type": "Condo",
      "nh": "UES Above 72 to 86",
      "image_list": [
        "http://s3.amazonaws.com/babylon_prod/property_images/pictures/000/543/249/original/29ac5bb1-96e3-40ab-bc11-9f12a6f55d35.jpg?1426027740",
        "http://s3.amazonaws.com/babylon_prod/property_images/pictures/000/543/250/original/6dd2e8db-4305-487a-8fa6-f44d8473bee5.jpg?1426027742",
        "http://s3.amazonaws.com/babylon_prod/property_images/pictures/000/543/251/original/825b5417-0547-40ab-9eac-c59e0af263f4.jpg?1426027743",
        "http://s3.amazonaws.com/babylon_prod/property_images/pictures/000/543/252/original/aabedbf8-0af2-4c56-96cf-b6a429d8b3fd.jpg?1426027745",
        "http://s3.amazonaws.com/babylon_prod/property_images/pictures/000/543/253/original/5ccd0d36-a486-4d16-98d8-1d05371055a4.jpg?1426027746",
        "http://s3.amazonaws.com/babylon_prod/property_images/pictures/000/543/254/original/e212da40-cac9-4855-8de6-f338573eef4f.jpg?1426027748",
        "http://s3.amazonaws.com/babylon_prod/property_images/pictures/000/543/255/original/8f265767-07f2-4b33-8fbb-933b9df0b811.jpg?1426027749",
        "http://s3.amazonaws.com/babylon_prod/property_images/pictures/000/543/256/original/4b6d277b-a312-426b-b13a-4ee19f38da61.jpg?1426027751",
        "http://s3.amazonaws.com/babylon_prod/property_images/pictures/000/543/257/original/b4f8ea03-f552-48ce-b29c-bd0d21771c22.jpg?1426027753",
        "http://s3.amazonaws.com/babylon_prod/property_images/pictures/000/543/258/original/3a588948-0f70-48f2-a705-54b8cc61a09e.jpg?1426027754",
        "http://s3.amazonaws.com/babylon_prod/property_images/pictures/000/543/259/original/03e130bb-9fbb-4204-826e-23f1039a50dd.jpg?1426027756",
        "http://s3.amazonaws.com/babylon_prod/property_images/pictures/000/543/260/original/c885b3dd-0d02-4f9b-9f90-ccd7853f5351.jpg?1426027757",
        "http://s3.amazonaws.com/babylon_prod/property_images/pictures/000/543/261/original/6e6a2653-a955-42c0-8905-a2f9a094b0de.jpg?1426027759",
        "http://s3.amazonaws.com/babylon_prod/property_images/pictures/000/543/262/original/4416d7ee-0b64-44e9-964a-8ef6c0ad18aa.jpg?1426027760",
        "http://s3.amazonaws.com/babylon_prod/property_images/pictures/000/543/263/original/2362a52b-dcad-4236-8b49-a2858d3c6713.gif?1426027762",
        "http://s3.amazonaws.com/babylon_prod/property_images/pictures/000/544/178/original/f6594d74-2fd9-49a9-9b1b-a644bf9dd8fa.gif?1426111951"
      ],
      "thumb_img": "http://s3.amazonaws.com/babylon_prod/property_images/pictures/000/543/249/original/29ac5bb1-96e3-40ab-bc11-9f12a6f55d35.jpg?1426027740",
      "main_img": "http://s3.amazonaws.com/babylon_prod/property_images/pictures/000/543/249/original/29ac5bb1-96e3-40ab-bc11-9f12a6f55d35.jpg?1426027740",
      "link": "/property/124147-151-east-85-street-17hj",
      "address_with_unit": "151 East 85th Street #17HJ",
      "address": "151 East 85th Street #17HJ",
      "location": [
        40.779009,
        -73.955451
      ],
      "id": "124147"
    },
    {
      "must_have_rooftop": "No",
      "must_have_pool": "No",
      "must_have_garage": "Yes",
      "must_have_building_laundry": "Yes",
      "must_have_gym": "Yes",
      "must_allow_pets": "Yes",
      "must_be_prewar": "Yes",
      "must_have_elevator": "Yes",
      "must_have_doorman": "Yes",
      "list_date": 55,
      "under_contract": "No",
      "must_have_unit_laundry": "Yes",
      "must_have_fireplace": "No",
      "must_have_outdoor_space": "No",
      "sqft": "N/A",
      "maintenance_fee": "$7,936",
      "property_tax": "N/A",
      "must_have_tax_benefit": "None",
      "listing_price_per_sqft": "N/A",
      "listing_price_per_br": "$1,307,142",
      "favorite": false,
      "baths": "7",
      "beds": 7,
      "asking_price_to_perchprice_ratio": "0.87",
      "adjusted_price_per_sqft": "N/A",
      "adjusted_price_per_br": "$1,506,017",
      "adjusted_price": "$10,542,119",
      "price": "$9,150,000",
      "property_type": "Co-op",
      "nh": "UES Above 72 to 86",
      "image_list": [
        "http://s3.amazonaws.com/babylon_prod/property_images/pictures/000/576/635/medium/w12851648.jpg?1438978765",
        "http://s3.amazonaws.com/babylon_prod/property_images/pictures/000/576/634/medium/12851648-8_d.jpg?1438978763",
        "http://s3.amazonaws.com/babylon_prod/property_images/pictures/000/576/633/medium/12851648-7_d.jpg?1438978762",
        "http://s3.amazonaws.com/babylon_prod/property_images/pictures/000/576/632/medium/12851648-6_d.jpg?1438978760",
        "http://s3.amazonaws.com/babylon_prod/property_images/pictures/000/576/631/medium/12851648-5_d.jpg?1438978759"
      ],
      "thumb_img": "http://s3.amazonaws.com/babylon_prod/property_images/pictures/000/576/635/thumb/w12851648.jpg?1438978765",
      "main_img": "http://s3.amazonaws.com/babylon_prod/property_images/pictures/000/576/635/medium/w12851648.jpg?1438978765",
      "link": "/property/136616-1000-park-avenue-8-9-10d",
      "address_with_unit": "1000 PARK AVENUE #8/9/10D",
      "address": "1000 PARK AVENUE #8/9/10D",
      "location": [
        40.779247,
        -73.958477
      ],
      "id": "136616"
    },
    {
      "must_have_rooftop": "No",
      "must_have_pool": "No",
      "must_have_garage": "Yes",
      "must_have_building_laundry": "Yes",
      "must_have_gym": "No",
      "must_allow_pets": "No",
      "must_be_prewar": "Yes",
      "must_have_elevator": "Yes",
      "must_have_doorman": "Yes",
      "list_date": 328,
      "under_contract": "No",
      "must_have_unit_laundry": "No",
      "must_have_fireplace": "No",
      "must_have_outdoor_space": "No",
      "sqft": "5,118",
      "maintenance_fee": "$4,648",
      "property_tax": "$794",
      "must_have_tax_benefit": "None",
      "listing_price_per_sqft": "$1,660",
      "listing_price_per_br": "$1,214,285",
      "favorite": true,
      "baths": "6",
      "beds": 7,
      "asking_price_to_perchprice_ratio": "0.88",
      "adjusted_price_per_sqft": "$1,879",
      "adjusted_price_per_br": "$1,374,007",
      "adjusted_price": "$9,618,051",
      "price": "$8,500,000",
      "property_type": "Condo",
      "nh": "East Harlem",
      "image_list": [
        "http://s3.amazonaws.com/babylon_prod/property_images/pictures/000/443/221/medium/12343263?1415068071",
        "http://s3.amazonaws.com/babylon_prod/property_images/pictures/000/443/223/medium/12338356?1415068074",
        "http://s3.amazonaws.com/babylon_prod/property_images/pictures/000/443/222/medium/12343264?1415068073"
      ],
      "thumb_img": "http://s3.amazonaws.com/babylon_prod/property_images/pictures/000/443/221/thumb/12343263?1415068071",
      "main_img": "http://s3.amazonaws.com/babylon_prod/property_images/pictures/000/443/221/medium/12343263?1415068071",
      "link": "/property/105889-1200-5-avenue-6thfloor",
      "address_with_unit": "1200 Fifth Avenue #6THFLOOR",
      "address": "1200 Fifth Avenue #6THFLOOR",
      "location": [
        40.791151,
        -73.95301
      ],
      "id": "105889"
    },
    {
      "must_have_rooftop": "No",
      "must_have_pool": "No",
      "must_have_garage": "Yes",
      "must_have_building_laundry": "Yes",
      "must_have_gym": "No",
      "must_allow_pets": "No",
      "must_be_prewar": "Yes",
      "must_have_elevator": "Yes",
      "must_have_doorman": "Yes",
      "list_date": 117,
      "under_contract": "No",
      "must_have_unit_laundry": "No",
      "must_have_fireplace": "No",
      "must_have_outdoor_space": "No",
      "sqft": "N/A",
      "maintenance_fee": "$5,438",
      "property_tax": "N/A",
      "must_have_tax_benefit": "None",
      "listing_price_per_sqft": "N/A",
      "listing_price_per_br": "$813,571",
      "favorite": false,
      "baths": "5",
      "beds": 7,
      "asking_price_to_perchprice_ratio": "0.85",
      "adjusted_price_per_sqft": "N/A",
      "adjusted_price_per_br": "$955,948",
      "adjusted_price": "$6,691,637",
      "price": "$5,695,000",
      "property_type": "Co-op",
      "nh": "UWS Above 72 to Morningside",
      "image_list": [],
      "thumb_img": "/assets/placeholders/100x100.png",
      "main_img": "/assets/placeholders/100x100.png",
      "link": "/property/131257-321-west-78-street-1ab",
      "address_with_unit": "321 West 78th Street #1AB",
      "address": "321 West 78th Street #1AB",
      "location": [
        40.784231,
        -73.982417
      ],
      "id": "131257"
    },
    {
      "must_have_rooftop": "No",
      "must_have_pool": "No",
      "must_have_garage": "Yes",
      "must_have_building_laundry": "No",
      "must_have_gym": "No",
      "must_allow_pets": "No",
      "must_be_prewar": "Yes",
      "must_have_elevator": "No",
      "must_have_doorman": "Yes",
      "list_date": 134,
      "under_contract": "No",
      "must_have_unit_laundry": "No",
      "must_have_fireplace": "No",
      "must_have_outdoor_space": "Yes",
      "sqft": "N/A",
      "maintenance_fee": "$17,912",
      "property_tax": "N/A",
      "must_have_tax_benefit": "None",
      "listing_price_per_sqft": "N/A",
      "listing_price_per_br": "$12,500,000",
      "favorite": false,
      "baths": "5.5",
      "beds": 6,
      "asking_price_to_perchprice_ratio": "0.96",
      "adjusted_price_per_sqft": "N/A",
      "adjusted_price_per_br": "$13,000,233",
      "adjusted_price": "$78,001,400",
      "price": "$75,000,000",
      "property_type": "Co-op",
      "nh": "UWS Above 72 to Morningside",
      "image_list": [
        "http://s3.amazonaws.com/babylon_prod/property_images/pictures/000/576/452/medium/1454496_int_photo20048108.jpg?1438978475",
        "http://s3.amazonaws.com/babylon_prod/property_images/pictures/000/576/451/medium/1454496_int_photo20048060.jpg?1438978474",
        "http://s3.amazonaws.com/babylon_prod/property_images/pictures/000/576/450/medium/1454496_int_photo20048059.jpg?1438978473",
        "http://s3.amazonaws.com/babylon_prod/property_images/pictures/000/576/449/medium/1454496_int_photo20048058.jpg?1438978472",
        "http://s3.amazonaws.com/babylon_prod/property_images/pictures/000/576/448/medium/1454496_int_photo20048057.jpg?1438978471"
      ],
      "thumb_img": "http://s3.amazonaws.com/babylon_prod/property_images/pictures/000/576/452/thumb/1454496_int_photo20048108.jpg?1438978475",
      "main_img": "http://s3.amazonaws.com/babylon_prod/property_images/pictures/000/576/452/medium/1454496_int_photo20048108.jpg?1438978475",
      "link": "/property/136583-145-146-central-park-west-ph26c",
      "address_with_unit": "145 -146 Central Park W #PH26C",
      "address": "145 -146 Central Park W #PH26C",
      "location": [
        40.77801,
        -73.975185
      ],
      "id": "136583"
    },
    {
      "must_have_rooftop": "No",
      "must_have_pool": "Yes",
      "must_have_garage": "Yes",
      "must_have_building_laundry": "Yes",
      "must_have_gym": "No",
      "must_allow_pets": "No",
      "must_be_prewar": "No",
      "must_have_elevator": "Yes",
      "must_have_doorman": "Yes",
      "list_date": 128,
      "under_contract": "No",
      "must_have_unit_laundry": "No",
      "must_have_fireplace": "No",
      "must_have_outdoor_space": "No",
      "sqft": "9,138",
      "maintenance_fee": "$14,655",
      "property_tax": "$19,733",
      "must_have_tax_benefit": "None",
      "listing_price_per_sqft": "$7,660",
      "listing_price_per_br": "$11,666,666",
      "favorite": false,
      "baths": "7.5",
      "beds": 6,
      "asking_price_to_perchprice_ratio": "0.92",
      "adjusted_price_per_sqft": "$8,293",
      "adjusted_price_per_br": "$12,630,119",
      "adjusted_price": "$75,780,716",
      "price": "$70,000,000",
      "property_type": "Condo",
      "nh": "Lenox Hill",
      "image_list": [],
      "thumb_img": "/assets/placeholders/100x100.png",
      "main_img": "/assets/placeholders/100x100.png",
      "link": "/property/130179-520-park-avenue-ph40",
      "address_with_unit": "520 Park Avenue #PH40",
      "address": "520 Park Avenue #PH40",
      "location": [
        40.763878,
        -73.969624
      ],
      "id": "130179"
    },
    {
      "must_have_rooftop": "No",
      "must_have_pool": "No",
      "must_have_garage": "Yes",
      "must_have_building_laundry": "Yes",
      "must_have_gym": "No",
      "must_allow_pets": "Yes",
      "must_be_prewar": "No",
      "must_have_elevator": "Yes",
      "must_have_doorman": "Yes",
      "list_date": 292,
      "under_contract": "No",
      "must_have_unit_laundry": "No",
      "must_have_fireplace": "No",
      "must_have_outdoor_space": "No",
      "sqft": "8,000",
      "maintenance_fee": "$10,769",
      "property_tax": "$12,187",
      "must_have_tax_benefit": "None",
      "listing_price_per_sqft": "$4,875",
      "listing_price_per_br": "$6,500,000",
      "favorite": false,
      "baths": "6.5",
      "beds": 6,
      "asking_price_to_perchprice_ratio": "0.91",
      "adjusted_price_per_sqft": "$5,368",
      "adjusted_price_per_br": "$7,157,498",
      "adjusted_price": "$42,944,989",
      "price": "$39,000,000",
      "property_type": "Condo",
      "nh": "Midtown Central",
      "image_list": [
        "http://s3.amazonaws.com/babylon_prod/property_images/pictures/000/469/194/medium/9da50460-48d0-4a14-a81c-4038d2a68027.jpg?1416006095",
        "http://s3.amazonaws.com/babylon_prod/property_images/pictures/000/469/198/medium/d5e86731-9df1-4658-91ea-c34b0884a7c1.jpg?1416006098",
        "http://s3.amazonaws.com/babylon_prod/property_images/pictures/000/469/197/medium/ddeb8b55-85c3-4087-ac82-50d5195659d0.jpg?1416006097",
        "http://s3.amazonaws.com/babylon_prod/property_images/pictures/000/469/199/medium/d5e86731-9df1-4658-91ea-c34b0884a7c1.jpg?1416006098",
        "http://s3.amazonaws.com/babylon_prod/property_images/pictures/000/469/195/medium/14f1d89a-c8cf-4e87-bf35-f42091a7cb74.jpg?1416006095"
      ],
      "thumb_img": "http://s3.amazonaws.com/babylon_prod/property_images/pictures/000/469/194/thumb/9da50460-48d0-4a14-a81c-4038d2a68027.jpg?1416006095",
      "main_img": "http://s3.amazonaws.com/babylon_prod/property_images/pictures/000/469/194/medium/9da50460-48d0-4a14-a81c-4038d2a68027.jpg?1416006095",
      "link": "/property/110531-230-west-56-street-64a",
      "address_with_unit": "230 West 56th Street #64A",
      "address": "230 West 56th Street #64A",
      "location": [
        40.765505,
        -73.982447
      ],
      "id": "110531"
    },
    {
      "must_have_rooftop": "No",
      "must_have_pool": "No",
      "must_have_garage": "Yes",
      "must_have_building_laundry": "No",
      "must_have_gym": "Yes",
      "must_allow_pets": "Yes",
      "must_be_prewar": "Yes",
      "must_have_elevator": "Yes",
      "must_have_doorman": "Yes",
      "list_date": 362,
      "under_contract": "No",
      "must_have_unit_laundry": "Yes",
      "must_have_fireplace": "No",
      "must_have_outdoor_space": "No",
      "sqft": "N/A",
      "maintenance_fee": "$13,957",
      "property_tax": "N/A",
      "must_have_tax_benefit": "None",
      "listing_price_per_sqft": "N/A",
      "listing_price_per_br": "$4,166,666",
      "favorite": false,
      "baths": "6.5",
      "beds": 6,
      "asking_price_to_perchprice_ratio": "0.90",
      "adjusted_price_per_sqft": "N/A",
      "adjusted_price_per_br": "$4,609,226",
      "adjusted_price": "$27,655,356",
      "price": "$25,000,000",
      "property_type": "Co-op",
      "nh": "Lenox Hill",
      "image_list": [
        "http://s3.amazonaws.com/babylon_prod/property_images/pictures/000/405/326/medium/0019663-2.jpg?1415010343",
        "http://s3.amazonaws.com/babylon_prod/property_images/pictures/000/405/328/medium/0019663-4.jpg?1415010346",
        "http://s3.amazonaws.com/babylon_prod/property_images/pictures/000/405/329/medium/0019663-5.jpg?1415010348",
        "http://s3.amazonaws.com/babylon_prod/property_images/pictures/000/405/330/medium/0019663-6.jpg?1415010349",
        "http://s3.amazonaws.com/babylon_prod/property_images/pictures/000/405/327/medium/0019663-3.jpg?1415010344"
      ],
      "thumb_img": "http://s3.amazonaws.com/babylon_prod/property_images/pictures/000/405/326/thumb/0019663-2.jpg?1415010343",
      "main_img": "http://s3.amazonaws.com/babylon_prod/property_images/pictures/000/405/326/medium/0019663-2.jpg?1415010343",
      "link": "/property/101158-730-park-avenue-11a",
      "address_with_unit": "730 Park Avenue #11A",
      "address": "730 Park Avenue #11A",
      "location": [
        40.770421,
        -73.964918
      ],
      "id": "101158"
    },
    {
      "must_have_rooftop": "No",
      "must_have_pool": "No",
      "must_have_garage": "Yes",
      "must_have_building_laundry": "Yes",
      "must_have_gym": "No",
      "must_allow_pets": "Yes",
      "must_be_prewar": "Yes",
      "must_have_elevator": "Yes",
      "must_have_doorman": "Yes",
      "list_date": 132,
      "under_contract": "No",
      "must_have_unit_laundry": "No",
      "must_have_fireplace": "No",
      "must_have_outdoor_space": "No",
      "sqft": "4,835",
      "maintenance_fee": "$6,565",
      "property_tax": "$5,639",
      "must_have_tax_benefit": "None",
      "listing_price_per_sqft": "$4,539",
      "listing_price_per_br": "$3,658,333",
      "favorite": false,
      "baths": "6.5",
      "beds": 6,
      "asking_price_to_perchprice_ratio": "0.91",
      "adjusted_price_per_sqft": "$4,989",
      "adjusted_price_per_br": "$4,020,093",
      "adjusted_price": "$24,120,560",
      "price": "$21,950,000",
      "property_type": "Condo",
      "nh": "Lenox Hill",
      "image_list": [],
      "thumb_img": "/assets/placeholders/100x100.png",
      "main_img": "/assets/placeholders/100x100.png",
      "link": "/property/130031-610-park-avenue-12e",
      "address_with_unit": "610 Park Avenue #12E",
      "address": "610 Park Avenue #12E",
      "location": [
        40.766681,
        -73.967677
      ],
      "id": "130031"
    }
  ]
]
